"recipe_id","faction","surface","style","look_summary","finish","difficulty","time_mode","notes","reference_folder","scheme_tag","primary_colour","variant_group","faction_family"
"AC_ARMOUR_MIX_01","Adeptus Custodes","Armour","Truth Pass v2","Custodes Gold Armour","Classic","Standard","Truth Pass v2: scheme-aligned, inventory-locked paints. Generic fallback only.","references/Adeptus Custodes/Armour","Classic Gold (official/box-art compass)","Gold",,,
"AC_BASES_MIX_01","Adeptus Custodes","Bases","Truth Pass v2","Custodes Bases","Matte","Standard","Standard","Truth Pass v2: scheme-aligned, inventory-locked paints. Generic fallback only.","references/Adeptus Custodes/Bases","Classic Gold (official/box-art compass)","Neutral",,
"AC_CLOTHROBES_MIX_01","Adeptus Custodes","Cloth & Robes","Truth Pass v2","Custodes Cloth & Robes","Matte","Standard","Standard","Truth Pass v2: scheme-aligned, inventory-locked paints. Generic fallback only.","references/Adeptus Custodes/Cloth & Robes","Classic Gold (official/box-art compass)","Red",,
"AC_DETAILS_MIX_01","Adeptus Custodes","Details","Truth Pass v2","Custodes Details","Matte","Standard","Standard","Truth Pass v2: scheme-aligned, inventory-locked paints. Generic fallback only.","references/Adeptus Custodes/Details","Classic Gold (official/box-art compass)","Bone",,
"AC_LEATHER_MIX_01","Adeptus Custodes","Leather","Truth Pass v2","Custodes Leather","Matte","Standard","Standard","Truth Pass v2: scheme-aligned, inventory-locked paints. Generic fallback only.","references/Adeptus Custodes/Leather","Classic Gold (official/box-art compass)","Brown",,
"AC_LENSESGEMS_MIX_01","Adeptus Custodes","Lenses & Gems","Truth Pass v2","Custodes Lenses & Gems","Gloss","Standard","Standard","Truth Pass v2: scheme-aligned, inventory-locked paints. Generic fallback only.","references/Adeptus Custodes/Lenses & Gems","Classic Gold (official/box-art compass)","Glow",,
"AC_METALS_MIX_01","Adeptus Custodes","Metals","Truth Pass v2","Custodes Metals","Satin","Standard","Standard","Truth Pass v2: scheme-aligned, inventory-locked paints. Generic fallback only.","references/Adeptus Custodes/Metals","Classic Gold (official/box-art compass)","Steel",,
"AC_WEAPONS_MIX_01","Adeptus Custodes","Weapons","Truth Pass v2","Custodes Weapons","Matte","Standard","Standard","Truth Pass v2: scheme-aligned, inventory-locked paints. Generic fallback only.","references/Adeptus Custodes/Weapons","Classic Gold (official/box-art compass)","Black",,
"AEB_ARMOUR_MIX_01","Aeldari - Blue","Armour","Box Art Target (Mixed Build)","Aeldari Blue armour","Matte/Satin","Standard","Standard","Auto-filled from inventory_export.csv; source links to be added in targets.md","references/Aeldari - Blue/Armour","Blue Scheme","Blue","Aeldari — Blue","Aeldari"
"AEB_BASES_MIX_01","Aeldari - Blue","Bases","Box Art Target (Mixed Build)","Aeldari Bases","Matte","Easy","Standard","Auto-filled from inventory_export.csv; source links to be added in targets.md","references/Aeldari - Blue/Bases","Blue Scheme","Blue","Aeldari — Blue","Aeldari"
"AEB_CLOTH_MIX_01","Aeldari - Blue","Cloth & Robes","Box Art Target (Mixed Build)","Aeldari Cloths & Robes","Matte","Easy","Standard","Auto-filled from inventory_export.csv; source links to be added in targets.md","references/Aeldari - Blue/Cloth & Robes","Blue Scheme","Blue","Aeldari — Blue","Aeldari"
"AEB_DETAILS_MIX_01","Aeldari - Blue","Details","Box Art Target (Mixed Build)","Aeldari Details: Parchment / Seals / Bone","Matte","Easy","Standard","Auto-filled from inventory_export.csv; source links to be added in targets.md","references/Aeldari - Blue/Details","Blue Scheme","Blue","Aeldari — Blue","Aeldari"
"AEB_LEATHER_MIX_01","Aeldari - Blue","Leather","Box Art Target (Mixed Build)","Aeldari Leather","Matte","Easy","Quick","Auto-filled from inventory_export.csv; source links to be added in targets.md","references/Aeldari - Blue/Leather","Blue Scheme","Blue","Aeldari — Blue","Aeldari"
"AEB_LENSES_MIX_01","Aeldari - Blue","Lenses & Gems","Box Art Target (Mixed Build)","Aeldari Lenses & Gems","Gloss accent","Easy","Quick","Auto-filled from inventory_export.csv; source links to be added in targets.md","references/Aeldari - Blue/Lenses & Gems","Blue Scheme","Blue","Aeldari — Blue","Aeldari"
"AEB_METALS_MIX_01","Aeldari - Blue","Metals","Box Art Target (Mixed Build)","Aeldari Metals / Trim","Satin/Metallic","Easy","Standard","Auto-filled from inventory_export.csv; source links to be added in targets.md","references/Aeldari - Blue/Metals","Blue Scheme","Blue","Aeldari — Blue","Aeldari"
"AEB_WEAPONS_MIX_01","Aeldari - Blue","Weapons","Box Art Target (Mixed Build)","Aledari Weapons","Matte","Easy","Quick","Auto-filled from inventory_export.csv; source links to be added in targets.md","references/Aeldari - Blue/Weapons","Blue Scheme","Blue","Aeldari — Blue","Aeldari"
"AEL_ARMOUR_MIX_01","Aeldari","Armour","Truth Pass v2","Ulthwé Aeldari Armour","Matte","Standard","Standard","Truth Pass v2: scheme-aligned, inventory-locked paints. Generic fallback only.","references/Aeldari/Armour","Ulthwé baseline (black armour + bone accents)",,,
"AEL_ASU_ARMOUR_MIX_01","Asuryani","Armour","Truth Pass v2","Asuryani Craftworld Look Armour","Matte","Easy","Standard","Truth Pass v2: inventory-locked paints; replace placeholders; keep steps practical.","references/Asuryani/Armour","Asuryani: craftworld classic (wraithbone armour + teal gems)","Wraithbone/Off-White",,
"AEL_ASU_BASES_MIX_01","Asuryani","Bases","Truth Pass v2","Asuryani Craftworld Look Bases","Matte","Easy","Standard","Truth Pass v2: inventory-locked paints; replace placeholders; keep steps practical.","references/Asuryani/Bases","Asuryani: craftworld classic (wraithbone armour + teal gems)","Earth",,
"AEL_ASU_CLOTH_MIX_01","Asuryani","Cloth","Truth Pass v2","Asuryani Craftworld Look Cloth","Matte","Easy","Standard","Truth Pass v2: inventory-locked paints; replace placeholders; keep steps practical.","references/Asuryani/Cloth","Asuryani: craftworld classic (wraithbone armour + teal gems)","Black/Grey",,
"AEL_ASU_DETAILS_MIX_01","Asuryani","Details","Truth Pass v2","Asuryani Craftworld Look Details","Matte","Easy","Standard","Truth Pass v2: inventory-locked paints; replace placeholders; keep steps practical.","references/Asuryani/Details","Asuryani: craftworld classic (wraithbone armour + teal gems)","Off-White",,
"AEL_ASU_GEMS_MIX_01","Asuryani","Gems","Truth Pass v2","Asuryani Craftworld Look Gems","Gloss","Easy","Standard","Truth Pass v2: inventory-locked paints; replace placeholders; keep steps practical.","references/Asuryani/Gems","Asuryani: craftworld classic (wraithbone armour + teal gems)","Teal",,
"AEL_ASU_METALS_MIX_01","Asuryani","Metals","Truth Pass v2","Asuryani Craftworld Look Metals","Satin","Easy","Standard","Truth Pass v2: inventory-locked paints; replace placeholders; keep steps practical.","references/Asuryani/Metals","Asuryani: craftworld classic (wraithbone armour + teal gems)","Steel/Silver",,
"AEL_ASU_WEAPONS_MIX_01","Asuryani","Weapons","Truth Pass v2","Asuryani Craftworld Look Weapons","Matte","Easy","Standard","Truth Pass v2: inventory-locked paints; replace placeholders; keep steps practical.","references/Asuryani/Weapons","Asuryani: craftworld classic (wraithbone armour + teal gems)","Black/Grey",,
"AEL_ASU_WRAITHBONE_MIX_01","Asuryani","Wraithbone & Bone","Truth Pass v2","Asuryani Craftworld Look Bone","Matte","Easy","Standard","Truth Pass v2: inventory-locked paints; replace placeholders; keep steps practical.","references/Asuryani/Wraithbone & Bone","Asuryani: craftworld classic (wraithbone armour + teal gems)","Wraithbone/Off-White",,
"AEL_BASES_MIX_01","Aeldari","Bases","Truth Pass v2","Aeldari Bases","Matte","Standard","Standard","Truth Pass v2: scheme-aligned, inventory-locked paints. Generic fallback only.","references/Aeldari/Bases","Ulthwé baseline (black armour + bone accents)",,,
"AEL_BLUE_GEMS_MIX_01","Aeldari - Blue","Gems & Spirit Stones","Identity Surface (Mixed Build)","Aeldari High-Contrast Gems","Gloss accent","Easy","Quick","Identity surface (required)","references/Aeldari - Blue/Gems & Spirit Stones","Blue Scheme","Blue","Aeldari — Blue","Aeldari"
"AEL_CLOTH_MIX_01","Aeldari","Cloth","Truth Pass v2","Aeldari Cloths & Robes","Matte","Standard","Standard","Truth Pass v2: scheme-aligned, inventory-locked paints. Generic fallback only.","references/Aeldari/Cloth","Ulthwé baseline (black armour + bone accents)",,,
"AEL_DETAILS_MIX_01","Aeldari","Details","Truth Pass v2","Aeldari Details","Matte","Standard","Standard","Truth Pass v2: scheme-aligned, inventory-locked paints. Generic fallback only.","references/Aeldari/Details","Ulthwé baseline (black armour + bone accents)",,,
"AEL_GEMS_MIX_01","Aeldari","Gems","Truth Pass v2","Aeldari Lenses & Gems","Matte","Standard","Standard","Truth Pass v2: scheme-aligned, inventory-locked paints. Generic fallback only.","references/Aeldari/Gems","Ulthwé baseline (black armour + bone accents)",,,
"AEL_HAR_ARMOUR_MIX_01","Harlequins","Armour","Truth Pass v2","Harlequins Armour","Matte","Standard","Standard",,"references/Harlequins/Armour",,,,
"AEL_HAR_BASES_MIX_01","Harlequins","Bases","Truth Pass v2","Harlequins Bases","Matte","Standard","Standard",,"references/Harlequins/Bases",,,,
"AEL_HAR_BODYSUITPA_MIX_01","Harlequins","Bodysuit Patterns","Truth Pass v2","Harlequins Bodysuit Patterns","Matte","Standard","Standard",,"references/Harlequins/Bodysuit Patterns",,,,
"AEL_HAR_DETAILS_MIX_01","Harlequins","Details","Truth Pass v2","Harlequins Details","Matte","Standard","Standard",,"references/Harlequins/Details",,,,
"AEL_HAR_GEMS_MIX_01","Harlequins","Gems","Truth Pass v2","Harlequins Gems","Matte","Standard","Standard",,"references/Harlequins/Gems",,,,
"AEL_HAR_WEAPONS_MIX_01","Harlequins","Weapons","Truth Pass v2","Harlequins Weapons","Matte","Standard","Standard",,"references/Harlequins/Weapons",,,,
"AEL_METALS_MIX_01","Aeldari","Metals","Truth Pass v2","Ulthwé Aeldari Metals","Matte","Standard","Standard","Truth Pass v2: scheme-aligned, inventory-locked paints. Generic fallback only.","references/Aeldari/Metals","Ulthwé baseline (black armour + bone accents)",,,
"AEL_PURPLE_GEMS_MIX_01","Aeldari - Purple","Gems & Spirit Stones","Identity Surface (Mixed Build)","Aeldari Lenses & Gems","Gloss accent","Easy","Quick","Identity surface (required)","references/Aeldari - Purple/Gems & Spirit Stones","Purple Scheme","Purple","Aeldari — Purple","Aeldari"
"AEL_WEAPONS_MIX_01","Aeldari","Weapons","Truth Pass v2","Ulthwé Aeldari Weapons","Matte","Standard","Standard","Truth Pass v2: scheme-aligned, inventory-locked paints. Generic fallback only.","references/Aeldari/Weapons","Ulthwé baseline (black armour + bone accents)",,,
"AEL_WRAITHBONE_MIX_01","Aeldari","Wraithbone & Bone","Identity Surface (Mixed Build)","Aeldari Bone","Matte","Easy","Standard","Aeldari material identity surface","references/Aeldari/Wraithbone & Bone","Material","Bone","Aeldari — Shared","Aeldari"
"AEL_YNN_ARMOUR_MIX_01","Ynnari","Armour","Truth Pass v2","Ynnari Bone Armour","Matte","Easy","Standard",,"references/Ynnari/Armour",,,,
"AEL_YNN_BASES_MIX_01","Ynnari","Bases","Truth Pass v2","Ynnari Bases","Matte","Easy","Standard",,"references/Ynnari/Bases",,,,
"AEL_YNN_CLOTH_MIX_01","Ynnari","Cloth","Truth Pass v2","Ynnari Cloth","Matte","Easy","Standard",,"references/Ynnari/Cloth",,,,
"AEL_YNN_DETAILS_MIX_01","Ynnari","Details","Truth Pass v2","Ynnari Details","Matte","Easy","Standard",,"references/Ynnari/Details",,,,
"AEL_YNN_GEMS_MIX_01","Ynnari","Gems","Truth Pass v2","Ynnari Gems","Matte","Easy","Standard",,"references/Ynnari/Gems",,,,
"AEL_YNN_METALS_MIX_01","Ynnari","Metals","Truth Pass v2","Ynnari Metals","Matte","Easy","Standard",,"references/Ynnari/Metals",,,,
"AEL_YNN_WEAPONS_MIX_01","Ynnari","Weapons","Truth Pass v2","Ynnari Weapons","Matte","Easy","Standard",,"references/Ynnari/Weapons",,,,
"AEP_ARMOUR_MIX_01","Aeldari - Purple","Armour","Box Art Target (Mixed Build)","Aeldari Purple Armour","Matte/Satin","Standard","Standard","Auto-filled from inventory_export.csv; source links to be added in targets.md","references/Aeldari - Purple/Armour","Purple Scheme","Purple","Aeldari — Purple","Aeldari"
"AEP_BASES_MIX_01","Aeldari - Purple","Bases","Box Art Target (Mixed Build)","Aeldari Bases","Matte","Easy","Standard","Auto-filled from inventory_export.csv; source links to be added in targets.md","references/Aeldari - Purple/Bases","Purple Scheme","Purple","Aeldari — Purple","Aeldari"
"AEP_CLOTH_MIX_01","Aeldari - Purple","Cloth & Robes","Box Art Target (Mixed Build)","Aeldari Cloths & Robes","Matte","Easy","Standard","Auto-filled from inventory_export.csv; source links to be added in targets.md","references/Aeldari - Purple/Cloth & Robes","Purple Scheme","Purple","Aeldari — Purple","Aeldari"
"AEP_DETAILS_MIX_01","Aeldari - Purple","Details","Box Art Target (Mixed Build)","Aeldari Details","Matte","Easy","Standard","Auto-filled from inventory_export.csv; source links to be added in targets.md","references/Aeldari - Purple/Details","Purple Scheme","Purple","Aeldari — Purple","Aeldari"
"AEP_LEATHER_MIX_01","Aeldari - Purple","Leather","Box Art Target (Mixed Build)","Aeldari Leather","Matte","Easy","Quick","Auto-filled from inventory_export.csv; source links to be added in targets.md","references/Aeldari - Purple/Leather","Purple Scheme","Purple","Aeldari — Purple","Aeldari"
"AEP_LENSES_MIX_01","Aeldari - Purple","Lenses & Gems","Box Art Target (Mixed Build)","Aeldari Lenses & Gems","Gloss accent","Easy","Quick","Auto-filled from inventory_export.csv; source links to be added in targets.md","references/Aeldari - Purple/Lenses & Gems","Purple Scheme","Purple","Aeldari — Purple","Aeldari"
"AEP_METALS_MIX_01","Aeldari - Purple","Metals","Box Art Target (Mixed Build)","Aeldari Metals / Trim","Satin/Metallic","Easy","Standard","Auto-filled from inventory_export.csv; source links to be added in targets.md","references/Aeldari - Purple/Metals","Purple Scheme","Purple","Aeldari — Purple","Aeldari"
"AEP_WEAPONS_MIX_01","Aeldari - Purple","Weapons","Box Art Target (Mixed Build)","Aeldari Weapons","Matte","Easy","Quick","Auto-filled from inventory_export.csv; source links to be added in targets.md","references/Aeldari - Purple/Weapons","Purple Scheme","Purple","Aeldari — Purple","Aeldari"
"AM_BASES_MIX_01","Adeptus Mechanicus","Bases","Truth Pass v2","AdMech Bases","Matte","Standard","Standard","Truth Pass v2: scheme-aligned, inventory-locked paints. Generic fallback only.","references/Adeptus Mechanicus/Bases","Mars Red (official/box-art compass)","Neutral",,
"AM_DETAILS_MIX_01","Adeptus Mechanicus","Details","Truth Pass v2","AdMech Details","Matte","Standard","Standard","Truth Pass v2: scheme-aligned, inventory-locked paints. Generic fallback only.","references/Adeptus Mechanicus/Details","Mars Red (official/box-art compass)","Bone",,
"AM_LEATHER_MIX_01","Adeptus Mechanicus","Leather","Truth Pass v2","AdMech Leather","Matte","Standard","Standard","Truth Pass v2: scheme-aligned, inventory-locked paints. Generic fallback only.","references/Adeptus Mechanicus/Leather","Mars Red (official/box-art compass)","Brown",,
"AM_LENSESGLOW_MIX_01","Adeptus Mechanicus","Lenses & Glow","Truth Pass v2","AdMech Lenses & Glow","Gloss","Standard","Standard","Truth Pass v2: scheme-aligned, inventory-locked paints. Generic fallback only.","references/Adeptus Mechanicus/Lenses & Glow","Mars Red (official/box-art compass)","Glow",,
"AM_METALS_MIX_01","Adeptus Mechanicus","Metals","Truth Pass v2","AdMech Metals","Satin","Standard","Standard","Truth Pass v2: scheme-aligned, inventory-locked paints. Generic fallback only.","references/Adeptus Mechanicus/Metals","Mars Red (official/box-art compass)","Steel",,
"AM_ROBES_MIX_01","Adeptus Mechanicus","Robes","Truth Pass v2","AdMech Robes","Matte","Standard","Standard","Truth Pass v2: scheme-aligned, inventory-locked paints. Generic fallback only.","references/Adeptus Mechanicus/Robes","Mars Red (official/box-art compass)","Red",,
"AM_WEAPONS_MIX_01","Adeptus Mechanicus","Weapons","Truth Pass v2","AdMech Weapon","Matte","Standard","Standard","Truth Pass v2: scheme-aligned, inventory-locked paints. Generic fallback only.","references/Adeptus Mechanicus/Weapons","Mars Red (official/box-art compass)","Black",,
"AS_ARMOUR_MIX_01","Adepta Sororitas","Armour","Truth Pass v2","Adepta Sororitas Armour – Order Of Our Martyred Lady Scheme","Matte","Standard","Standard","Truth Pass v2: replace placeholders with scheme-aligned, inventory-locked paints. Generic allowed as fallback only.","references/Adepta Sororitas/Armour","Order of Our Martyred Lady","Black",,
"AS_BASES_MIX_01","Adepta Sororitas","Bases","Truth Pass v2","Adepta Sororitas Bases","Matte","Standard","Standard","Truth Pass v2: replace placeholders with scheme-aligned, inventory-locked paints. Generic allowed as fallback only.","references/Adepta Sororitas/Bases","Order of Our Martyred Lady","Neutral",,
"AS_CLOTHROBES_MIX_01","Adepta Sororitas","Cloth & Robes","Truth Pass v2","Adepta Sororitas Cloth & Robes","Matte","Standard","Standard","Truth Pass v2: replace placeholders with scheme-aligned, inventory-locked paints. Generic allowed as fallback only.","references/Adepta Sororitas/Cloth & Robes","Order of Our Martyred Lady","Red",,
"AS_DETAILS_MIX_01","Adepta Sororitas","Details","Truth Pass v2","Adepta Sororitas Details","Matte","Standard","Standard","Truth Pass v2: replace placeholders with scheme-aligned, inventory-locked paints. Generic allowed as fallback only.","references/Adepta Sororitas/Details","Order of Our Martyred Lady","Bone",,
"AS_LEATHER_MIX_01","Adepta Sororitas","Leather","Truth Pass v2","Adepta Sororitas Leather","Matte","Standard","Standard","Truth Pass v2: replace placeholders with scheme-aligned, inventory-locked paints. Generic allowed as fallback only.","references/Adepta Sororitas/Leather","Order of Our Martyred Lady","Brown",,
"AS_LENSESGEMS_MIX_01","Adepta Sororitas","Lenses & Gems","Truth Pass v2","Adepta Sororitas Lenses & Gems","Gloss","Standard","Standard","Truth Pass v2: replace placeholders with scheme-aligned, inventory-locked paints. Generic allowed as fallback only.","references/Adepta Sororitas/Lenses & Gems","Order of Our Martyred Lady","Green",,
"AS_METALS_MIX_01","Adepta Sororitas","Metals","Truth Pass v2","Adepta Sororitas Metals","Satin","Standard","Standard","Truth Pass v2: replace placeholders with scheme-aligned, inventory-locked paints. Generic allowed as fallback only.","references/Adepta Sororitas/Metals","Order of Our Martyred Lady","Metal",,
"AS_WEAPONS_MIX_01","Adepta Sororitas","Weapons","Truth Pass v2","Adepta Sororitas Weapons","Matte","Standard","Standard","Truth Pass v2: replace placeholders with scheme-aligned, inventory-locked paints. Generic allowed as fallback only.","references/Adepta Sororitas/Weapons","Order of Our Martyred Lady","Black",,
"BA_ARMOUR_BOX_01","Blood Angels","Armour","Box Art Target","Blood Angels Red Armour","Matte/Satin","Standard","Standard",,"references/Blood Angels/Armour","Box Art Target","Red","Blood Angels","Blood Angels"
"BA_ARMOUR_MIX_01","Blood Angels","Armour","Box Art Target (Mixed Build)","Blood Angels Red Armour (Mixed Build)","Matte/Satin","Standard","Standard","Auto-filled from your inventory_export.csv","references/Blood Angels/Armour","Mixed Build","Red","Blood Angels","Blood Angels"
"BA_BASES_URBAN_01","Blood Angels","Bases","Box Art Target","Blood Angels Urban Rubble Bases","Matte","Easy","Standard",,"references/Blood Angels/Bases","Mixed Build","Red","Blood Angels","Blood Angels"
"BA_BASES_URBAN_MIX_01","Blood Angels","Bases","Box Art Target (Mixed Build)","Blood Angels Urban Rubble Bases (Mixed Build)","Matte","Easy","Standard","Auto-filled from your inventory_export.csv","references/Blood Angels/Bases","Mixed Build","Red","Blood Angels","Blood Angels"
"BA_CLOTH_BOX_01","Blood Angels","Cloth & Robes","Box Art Target","Blood Angels Cloth & Robes","Matte","Easy","Standard",,"references/Blood Angels/Cloth & Robes","Box Art Target","Red","Blood Angels","Blood Angels"
"BA_CLOTH_MIX_01","Blood Angels","Cloth & Robes","Box Art Target (Mixed Build)","Blood Angels Cloth & Robes (Mixed Build)","Matte","Easy","Standard","Auto-filled from your inventory_export.csv","references/Blood Angels/Cloth & Robes","Mixed Build","Red","Blood Angels","Blood Angels"
"BA_DC_BASES_MIX_01","Blood Angels","Bases","Identity Surface (Mixed Build)","Death Company Bases","Matte","Easy","Quick",,"references/Blood Angels/Bases","Death Company","Grey","Blood Angels — Death Company",
"BA_DC_BLACK_ARMOUR_MIX_01","Blood Angels","Armour (Black) - Death Company","Identity Surface (Mixed Build)","Death Company Armour","Matte","Easy","Quick","DC core identity surface","references/Blood Angels/Armour (Black) - Death Company","Death Company","Black","Blood Angels — Death Company","Blood Angels"
"BA_DC_CLOTH_MIX_01","Blood Angels","Cloth & Robes","Identity Surface (Mixed Build)","Death Company Cloth","Matte","Easy","Quick",,"references/Blood Angels/Cloth & Robes","Death Company","Black","Blood Angels — Death Company",
"BA_DC_DETAILS_MIX_01","Blood Angels","Details","Identity Surface (Mixed Build)","Blood Angels Parchment & Bone","Matte","Easy","Quick",,"references/Blood Angels/Details","Death Company","Bone","Blood Angels — Death Company",
"BA_DC_LEATHER_MIX_01","Blood Angels","Leather","Identity Surface (Mixed Build)","Blood Angels Dark Leather","Matte","Easy","Quick",,"references/Blood Angels/Leather","Death Company","Brown","Blood Angels — Death Company",
"BA_DC_LENSES_MIX_01","Blood Angels","Lenses & Gems","Identity Surface (Mixed Build)","Blood Angels Lenses & Gems","Matte","Easy","Quick",,"references/Blood Angels/Lenses & Gems","Death Company","Red","Blood Angels — Death Company",
"BA_DC_MARKINGS_MIX_01","Blood Angels","Markings (Death Company X)","Identity Surface (Mixed Build)","Death Company Red X ","Matte","Easy","Quick","DC identity surface","references/Blood Angels/Markings (Death Company X)","Death Company","Red","Blood Angels — Death Company","Blood Angels"
"BA_DC_METALS_MIX_01","Blood Angels","Metals","Identity Surface (Mixed Build)","Blood Angels Metals","Matte","Easy","Quick",,"references/Blood Angels/Metals","Death Company","Silver","Blood Angels — Death Company",
"BA_DC_WEAPONS_MIX_01","Blood Angels","Weapons","Identity Surface (Mixed Build)","Blood Angels Weapons","Matte","Easy","Quick",,"references/Blood Angels/Weapons","Death Company","Black","Blood Angels — Death Company",
"BA_DETAILS_BOX_01","Blood Angels","Details","Box Art Target","Blood Angels Parchment & Bone","Matte","Easy","Standard",,"references/Blood Angels/Details","Box Art Target","Red","Blood Angels","Blood Angels"
"BA_DETAILS_MIX_01","Blood Angels","Details","Box Art Target (Mixed Build)","Blood Angels Parchment & Bone (Mixed Build)","Matte","Easy","Standard","Auto-filled from your inventory_export.csv","references/Blood Angels/Details","Mixed Build","Red","Blood Angels","Blood Angels"
"BA_LEATHER_BOX_01","Blood Angels","Leather","Box Art Target","Blood Angels Leather","Matte","Easy","Quick",,"references/Blood Angels/Leather","Box Art Target","Red","Blood Angels","Blood Angels"
"BA_LEATHER_MIX_01","Blood Angels","Leather","Box Art Target (Mixed Build)","Blood Angels Leather (Mixed Build)","Matte","Easy","Quick","Auto-filled from your inventory_export.csv","references/Blood Angels/Leather","Mixed Build","Red","Blood Angels","Blood Angels"
"BA_LENSES_BOX_01","Blood Angels","Lenses & Gems","Box Art Target","Blood Angels Green Lenses","Gloss accent","Easy","Quick",,"references/Blood Angels/Lenses & Gems","Box Art Target","Red","Blood Angels","Blood Angels"
"BA_LENSES_MIX_01","Blood Angels","Lenses & Gems","Box Art Target (Mixed Build)","Blood Angels Green Lenses (Mixed Build)","Gloss accent","Easy","Quick","Auto-filled from your inventory_export.csv","references/Blood Angels/Lenses & Gems","Mixed Build","Red","Blood Angels","Blood Angels"
"BA_METALS_BOX_01","Blood Angels","Metals","Box Art Target","Blood Angels Metals","Satin/Metallic","Easy","Standard",,"references/Blood Angels/Metals","Box Art Target","Red","Blood Angels","Blood Angels"
"BA_METALS_MIX_01","Blood Angels","Metals","Box Art Target (Mixed Build)","Blood Angels Metals (Mixed Build)","Satin/Metallic","Easy","Standard","Auto-filled from your inventory_export.csv","references/Blood Angels/Metals","Mixed Build","Red","Blood Angels","Blood Angels"
"BA_RED_ARMOUR_MIX_01","Blood Angels","Armour (Red)","Identity Surface (Mixed Build)","Blood Angels Red Armour (Mixed Build)","Matte/Satin","Standard","Standard","Classic BA identity surface","references/Blood Angels/Armour (Red)","Box Art Target","Red","Blood Angels — Classic","Blood Angels"
"BA_WEAPONS_BOX_01","Blood Angels","Weapons","Box Art Target","Blood Angels Weapons","Matte","Easy","Quick",,"references/Blood Angels/Weapons","Box Art Target","Red","Blood Angels","Blood Angels"
"BA_WEAPONS_MIX_01","Blood Angels","Weapons","Box Art Target (Mixed Build)","Blood Angels Weapons (Mixed Build)","Matte","Easy","Quick","Auto-filled from your inventory_export.csv","references/Blood Angels/Weapons","Mixed Build","Red","Blood Angels","Blood Angels"
"BT_ARMOUR_MIX_01","Black Templars","Armour","Box Art Target (Mixed Build)","Black Templars Armour","Matte/Satin","Standard","Standard","Auto-filled from inventory_export.csv; source links to be added in targets.md","references/Black Templars/Armour","Mixed Build","Black","Black Templars","Black Templars"
"BT_BASES_MIX_01","Black Templars","Bases","Box Art Target (Mixed Build)","Black Templars Bases","Matte","Easy","Standard","Auto-filled from inventory_export.csv; source links to be added in targets.md","references/Black Templars/Bases","Mixed Build","Black","Black Templars","Black Templars"
"BT_CLOTH_MIX_01","Black Templars","Cloth & Robes","Box Art Target (Mixed Build)","Black Templars Cloth & Robes","Matte","Easy","Standard","Auto-filled from inventory_export.csv; source links to be added in targets.md","references/Black Templars/Cloth & Robes","Mixed Build","Black","Black Templars","Black Templars"
"BT_DETAILS_MIX_01","Black Templars","Details","Box Art Target (Mixed Build)","Black Templars Details","Matte","Easy","Standard","Auto-filled from inventory_export.csv; source links to be added in targets.md","references/Black Templars/Details","Mixed Build","Black","Black Templars","Black Templars"
"BT_LEATHER_MIX_01","Black Templars","Leather","Box Art Target (Mixed Build)","Black Templars Leather","Matte","Easy","Quick","Auto-filled from inventory_export.csv; source links to be added in targets.md","references/Black Templars/Leather","Mixed Build","Black","Black Templars","Black Templars"
"BT_LENSES_MIX_01","Black Templars","Lenses & Gems","Box Art Target (Mixed Build)","Black Templars Lenses & Gems","Gloss accent","Easy","Quick","Auto-filled from inventory_export.csv; source links to be added in targets.md","references/Black Templars/Lenses & Gems","Mixed Build","Black","Black Templars","Black Templars"
"BT_METALS_MIX_01","Black Templars","Metals","Box Art Target (Mixed Build)","Black Templars Metals","Satin/Metallic","Easy","Standard","Auto-filled from inventory_export.csv; source links to be added in targets.md","references/Black Templars/Metals","Mixed Build","Black","Black Templars","Black Templars"
"BT_TABARDS_MIX_01","Black Templars","Tabards & Cloth","Identity Surface (Mixed Build)","Black Templars Tabards & Cloth","Matte","Easy","Standard","BT identity: tabards readable","references/Black Templars/Tabards & Cloth","Box Art Target","Bone","Black Templars — Classic","Black Templars"
"BT_WEAPONS_MIX_01","Black Templars","Weapons","Box Art Target (Mixed Build)","Black Templars Weapons","Matte","Easy","Quick","Auto-filled from inventory_export.csv; source links to be added in targets.md","references/Black Templars/Weapons","Mixed Build","Black","Black Templars","Black Templars"
"CD_BASES_MIX_01","Chaos Daemons","Bases","Truth Pass v2","Chaos Daemons Bases","Matte","Easy","Standard",,"references/Chaos Daemons/Bases",,,,
"CD_DETAILS_MIX_01","Chaos Daemons","Details","Truth Pass v2","Chaos Daemons Details – Bone & Teeth","Matte","Easy","Standard",,"references/Chaos Daemons/Details",,,,
"CD_EYESGLOW_MIX_01","Chaos Daemons","Eyes & Glow","Truth Pass v2","Chaos Daemons Eyes & Glow","Matte","Easy","Standard",,"references/Chaos Daemons/Eyes & Glow",,,,
"CD_HORNSCLAWS_MIX_01","Chaos Daemons","Horns & Claws","Truth Pass v2","Chaos Daemons Horns & Claws","Matte","Easy","Standard",,"references/Chaos Daemons/Horns & Claws",,,,
"CD_SKINFLESH_MIX_01","Chaos Daemons","Skin & Flesh","Truth Pass v2","Chaos Daemons Skin & Flesh","Matte","Easy","Standard",,"references/Chaos Daemons/Skin & Flesh",,,,
"CK_ARMOURPANE_MIX_01","Chaos Knights","Armour Panels","Truth Pass v2","Chaos Knights Armour Panels","Matte","Easy","Standard",,"references/Chaos Knights/Armour Panels",,,,
"CK_BASES_MIX_01","Chaos Knights","Bases","Truth Pass v2","Chaos Knights Bases","Matte","Easy","Standard",,"references/Chaos Knights/Bases",,,,
"CK_DETAILS_MIX_01","Chaos Knights","Details","Truth Pass v2","Chaos Knights Bone ","Matte","Easy","Standard",,"references/Chaos Knights/Details",,,,
"CK_GLOW_MIX_01","Chaos Knights","Glow","Truth Pass v2","Chaos Knights Glow","Matte","Easy","Standard",,"references/Chaos Knights/Glow",,,,
"CK_METALS_MIX_01","Chaos Knights","Metals","Truth Pass v2","Chaos Knights Metals","Matte","Easy","Standard",,"references/Chaos Knights/Metals",,,,
"CK_TRIM_MIX_01","Chaos Knights","Trim","Truth Pass v2","Chaos Knights Trim","Matte","Easy","Standard",,"references/Chaos Knights/Trim",,,,
"CK_WEAPONS_MIX_01","Chaos Knights","Weapons","Truth Pass v2","Chaos Knights Weapons","Matte","Easy","Standard",,"references/Chaos Knights/Weapons",,,,
"CSM_ARMOUR_MIX_01","Chaos Space Marines","Armour","Box Art Target (Mixed Build)","Chaos Space Marines Armour","Matte/Satin","Standard","Standard","Auto-filled from inventory_export.csv; source links to be added in targets.md","references/Chaos Space Marines/Armour","Mixed Build","Black","Chaos Space Marines","Chaos Space Marines"
"CSM_BASES_MIX_01","Chaos Space Marines","Bases","Box Art Target (Mixed Build)","Chaos Space Marines Bases","Matte","Easy","Standard","Auto-filled from inventory_export.csv; source links to be added in targets.md","references/Chaos Space Marines/Bases","Mixed Build","Black","Chaos Space Marines","Chaos Space Marines"
"CSM_BLACK_ARMOUR_MIX_01","Chaos Space Marines","Armour (Black)","Identity Surface (Mixed Build)","Chaos Space Marines Black Armour","Matte/Satin","Easy","Quick","Identity surface (supports trim schemes)","references/Chaos Space Marines/Armour (Black)","Box Art Target","Black","CSM — Classic","Chaos Space Marines"
"CSM_CLOTH_MIX_01","Chaos Space Marines","Cloth & Robes","Box Art Target (Mixed Build)","Chaos Space Marines Cloth & Robes","Matte","Easy","Standard","Auto-filled from inventory_export.csv; source links to be added in targets.md","references/Chaos Space Marines/Cloth & Robes","Mixed Build","Black","Chaos Space Marines","Chaos Space Marines"
"CSM_DETAILS_MIX_01","Chaos Space Marines","Details","Box Art Target (Mixed Build)","Chaos Space Marines Parchment / Bone ","Matte","Easy","Standard","Auto-filled from inventory_export.csv; source links to be added in targets.md","references/Chaos Space Marines/Details","Mixed Build","Black","Chaos Space Marines","Chaos Space Marines"
"CSM_LEATHER_MIX_01","Chaos Space Marines","Leather","Box Art Target (Mixed Build)","Chaos Space Marines Leather","Matte","Easy","Quick","Auto-filled from inventory_export.csv; source links to be added in targets.md","references/Chaos Space Marines/Leather","Mixed Build","Black","Chaos Space Marines","Chaos Space Marines"
"CSM_LENSES_MIX_01","Chaos Space Marines","Lenses & Gems","Box Art Target (Mixed Build)","Chaos Space Marines Lenses & Gems","Gloss accent","Easy","Quick","Auto-filled from inventory_export.csv; source links to be added in targets.md","references/Chaos Space Marines/Lenses & Gems","Mixed Build","Black","Chaos Space Marines","Chaos Space Marines"
"CSM_LENSESGLOW_MIX_01","Chaos Space Marines","Lenses & Glow","Truth Pass v2","Chaos Space Marines Red Lenses & Glow","Matte","Easy","Standard",,"references/Chaos Space Marines/Lenses & Glow",,,,
"CSM_METALS_MIX_01","Chaos Space Marines","Metals","Box Art Target (Mixed Build)","Chaos Space Marines Metals","Satin/Metallic","Easy","Standard","Auto-filled from inventory_export.csv; source links to be added in targets.md","references/Chaos Space Marines/Metals","Mixed Build","Black","Chaos Space Marines","Chaos Space Marines"
"CSM_TRIM_MIX_01","Chaos Space Marines","Trim","Identity Surface (Mixed Build)","Chaos Space Marines Trim","Satin/Metallic","Standard","Standard","Identity surface (required)","references/Chaos Space Marines/Trim","Box Art Target","Gold/Brass","CSM — Classic","Chaos Space Marines"
"CSM_WEAPONS_MIX_01","Chaos Space Marines","Weapons","Box Art Target (Mixed Build)","Chaos Space Marines Weapons","Matte","Easy","Quick","Auto-filled from inventory_export.csv; source links to be added in targets.md","references/Chaos Space Marines/Weapons","Mixed Build","Black","Chaos Space Marines","Chaos Space Marines"
"DA_ARMOUR_MIX_01","Dark Angels","Armour","Box Art Target (Mixed Build)","Dark Angels Green Armour","Matte/Satin","Standard","Standard","Auto-filled from inventory_export.csv; source links to be added in targets.md","references/Dark Angels/Armour","Mixed Build","Green","Dark Angels","Dark Angels"
"DA_BASES_MIX_01","Dark Angels","Bases","Box Art Target (Mixed Build)","Dark Angels Bases","Matte","Easy","Standard","Auto-filled from inventory_export.csv; source links to be added in targets.md","references/Dark Angels/Bases","Mixed Build","Green","Dark Angels","Dark Angels"
"DA_BLACK_ARMOUR_MIX_01","Dark Angels","Armour (Black)","Identity Surface (Mixed Build)","Dark Angels Ravenwing Armour","Matte","Easy","Quick","Identity surface (required)","references/Dark Angels/Armour (Black)","Ravenwing","Black","Dark Angels — Ravenwing","Dark Angels"
"DA_BONE_ARMOUR_MIX_01","Dark Angels","Armour (Bone)","Identity Surface (Mixed Build)","Dark Angels Deathwing Bone Armour","Matte","Standard","Standard","Identity surface (required)","references/Dark Angels/Armour (Bone)","Deathwing","Bone","Dark Angels — Deathwing","Dark Angels"
"DA_CLOTH_MIX_01","Dark Angels","Cloth & Robes","Box Art Target (Mixed Build)","Dark Angels Cloth & Robes","Matte","Easy","Standard","Auto-filled from inventory_export.csv; source links to be added in targets.md","references/Dark Angels/Cloth & Robes","Mixed Build","Green","Dark Angels","Dark Angels"
"DA_DETAILS_MIX_01","Dark Angels","Details","Box Art Target (Mixed Build)","Dark Angels Details","Matte","Easy","Standard","Auto-filled from inventory_export.csv; source links to be added in targets.md","references/Dark Angels/Details","Mixed Build","Green","Dark Angels","Dark Angels"
"DA_GREEN_ARMOUR_MIX_01","Dark Angels","Armour (Green)","Identity Surface (Mixed Build)","Dark Angels Green Armour","Matte","Standard","Standard","Identity surface (required)","references/Dark Angels/Armour (Green)","Box Art Target","Green","Dark Angels — Greenwing","Dark Angels"
"DA_LEATHER_MIX_01","Dark Angels","Leather","Box Art Target (Mixed Build)","Dark Angels Leather","Matte","Easy","Quick","Auto-filled from inventory_export.csv; source links to be added in targets.md","references/Dark Angels/Leather","Mixed Build","Green","Dark Angels","Dark Angels"
"DA_LENSES_MIX_01","Dark Angels","Lenses & Gems","Box Art Target (Mixed Build)","Dark Angels Lenses & Gems","Gloss accent","Easy","Quick","Auto-filled from inventory_export.csv; source links to be added in targets.md","references/Dark Angels/Lenses & Gems","Mixed Build","Green","Dark Angels","Dark Angels"
"DA_METALS_MIX_01","Dark Angels","Metals","Box Art Target (Mixed Build)","Dark Angels Metals","Satin/Metallic","Easy","Standard","Auto-filled from inventory_export.csv; source links to be added in targets.md","references/Dark Angels/Metals","Mixed Build","Green","Dark Angels","Dark Angels"
"DA_WEAPONS_MIX_01","Dark Angels","Weapons","Box Art Target (Mixed Build)","Dark Angels Weapons ","Matte","Easy","Quick","Auto-filled from inventory_export.csv; source links to be added in targets.md","references/Dark Angels/Weapons","Mixed Build","Green","Dark Angels","Dark Angels"
"DG_ARMOUR_MIX_01","Death Guard","Armour","Truth Pass v2","Death Guard Green Armour","Matte","Easy","Standard",,"references/Death Guard/Armour",,,,
"DG_BASES_MIX_01","Death Guard","Bases","Truth Pass v2","Death Guard Rotten Bases","Matte","Easy","Standard",,"references/Death Guard/Bases",,,,
"DG_DETAILS_MIX_01","Death Guard","Details","Truth Pass v2","Death Guard Bone & Teeth","Matte","Easy","Standard",,"references/Death Guard/Details",,,,
"DG_FLESH_MIX_01","Death Guard","Flesh","Truth Pass v2","Death Guard Flesh","Matte","Easy","Standard",,"references/Death Guard/Flesh",,,,
"DG_LEATHER_MIX_01","Death Guard","Leather","Truth Pass v2","Death Guard Leather","Matte","Easy","Standard",,"references/Death Guard/Leather",,,,
"DG_LENSESGLOW_MIX_01","Death Guard","Lenses & Glow","Truth Pass v2","Death Guard Lenses & Glow","Matte","Easy","Standard",,"references/Death Guard/Lenses & Glow",,,,
"DG_METALS_MIX_01","Death Guard","Metals","Truth Pass v2","Death Guard Metals","Matte","Easy","Standard",,"references/Death Guard/Metals",,,,
"DG_TRIM_MIX_01","Death Guard","Trim","Truth Pass v2","Death Guard Bronze Trim","Matte","Easy","Standard",,"references/Death Guard/Trim",,,,
"DG_WEAPONS_MIX_01","Death Guard","Weapons","Truth Pass v2","Death Guard Weapons","Matte","Easy","Standard",,"references/Death Guard/Weapons",,,,
"DRU_ARMOUR_MIX_01","Drukhari","Armour","Truth Pass v2","Drukhari Armour","Matte","Standard","Standard",,"references/Drukhari/Armour",,,,
"DRU_BASES_MIX_01","Drukhari","Bases","Truth Pass v2","Drukhari Bases","Matte","Standard","Standard",,"references/Drukhari/Bases",,,,
"DRU_CLOTH_MIX_01","Drukhari","Cloth","Truth Pass v2","Drukhari Cloth","Matte","Standard","Standard",,"references/Drukhari/Cloth",,,,
"DRU_DETAILS_MIX_01","Drukhari","Details","Truth Pass v2","Drukhari Details","Matte","Standard","Standard",,"references/Drukhari/Details",,,,
"DRU_GEMS_MIX_01","Drukhari","Gems","Truth Pass v2","Drukhari Gems","Matte","Standard","Standard",,"references/Drukhari/Gems",,,,
"DRU_LEATHER_MIX_01","Drukhari","Leather","Truth Pass v2","Drukhari Leather","Matte","Standard","Standard",,"references/Drukhari/Leather",,,,
"DRU_METALS_MIX_01","Drukhari","Metals","Truth Pass v2","Drukhari Metals","Matte","Standard","Standard",,"references/Drukhari/Metals",,,,
"DRU_WEAPONS_MIX_01","Drukhari","Weapons","Truth Pass v2","Drukhari Weapons","Matte","Standard","Standard",,"references/Drukhari/Weapons",,,,
"EC_ARMOUR_MIX_01","Emperor's Children","Armour","Box Art Target (Mixed Build)","Emperor’s Children Armour","Matte/Satin","Standard","Standard","Auto-filled from inventory_export.csv; source links to be added in targets.md","references/Emperor's Children/Armour","Mixed Build","Purple","Emperor's Children","Emperor's Children"
"EC_BASES_MIX_01","Emperor's Children","Bases","Box Art Target (Mixed Build)","Emperor’s Children Bases","Matte","Easy","Standard","Auto-filled from inventory_export.csv; source links to be added in targets.md","references/Emperor's Children/Bases","Mixed Build","Purple","Emperor's Children","Emperor's Children"
"EC_CLOTH_MIX_01","Emperor's Children","Cloth & Robes","Box Art Target (Mixed Build)","Emperor’s Children Cloth & Robes (Mixed Build)","Matte","Easy","Standard","Auto-filled from inventory_export.csv; source links to be added in targets.md","references/Emperor's Children/Cloth & Robes","Mixed Build","Purple","Emperor's Children","Emperor's Children"
"EC_CLOTHROBES_MIX_01","Emperor's Children","Cloth & Robes","Truth Pass v2","Emperor’s Children Cloth & Robes","Matte","Standard","Standard",,"references/Emperor's Children/Cloth & Robes",,,,
"EC_DETAILS_MIX_01","Emperor's Children","Details","Box Art Target (Mixed Build)","Emperor’s Children Details Parchment & Bone","Matte","Easy","Standard","Auto-filled from inventory_export.csv; source links to be added in targets.md","references/Emperor's Children/Details","Mixed Build","Purple","Emperor's Children","Emperor's Children"
"EC_LEATHER_MIX_01","Emperor's Children","Leather","Box Art Target (Mixed Build)","Emperor’s Children Leather","Matte","Easy","Quick","Auto-filled from inventory_export.csv; source links to be added in targets.md","references/Emperor's Children/Leather","Mixed Build","Purple","Emperor's Children","Emperor's Children"
"EC_LENSES_MIX_01","Emperor's Children","Lenses & Gems","Box Art Target (Mixed Build)","Emperor’s Children Lenses & Gems (Mixed Build)","Gloss accent","Easy","Quick","Auto-filled from inventory_export.csv; source links to be added in targets.md","references/Emperor's Children/Lenses & Gems","Mixed Build","Purple","Emperor's Children","Emperor's Children"
"EC_LENSESGEMS_MIX_01","Emperor's Children","Lenses & Gems","Truth Pass v2","Emperor’s Children Lenses & Gems","Matte","Standard","Standard",,"references/Emperor's Children/Lenses & Gems",,,,
"EC_METALS_MIX_01","Emperor's Children","Metals","Box Art Target (Mixed Build)","Emperor’s Children Metals","Satin/Metallic","Easy","Standard","Auto-filled from inventory_export.csv; source links to be added in targets.md","references/Emperor's Children/Metals","Mixed Build","Purple","Emperor's Children","Emperor's Children"
"EC_PG_ARMOUR_MIX_01","Emperor's Children","Armour","Purple + Gold (Mixed Build)","Emperor’s Children Royal Purple Armour","Satin/Matte","Standard","Standard","Purple+Gold core scheme","references/Emperor's Children/Armour","Purple+Gold","Purple","Emperor's Children — Purple+Gold","Emperor's Children"
"EC_PG_BASES_MIX_01","Emperor's Children","Bases","Purple + Gold (Mixed Build)","Emperor’s Children Neutral Bases","Matte","Easy","Standard","Purple+Gold core scheme","references/Emperor's Children/Bases","Purple+Gold","Purple","Emperor's Children — Purple+Gold","Emperor's Children"
"EC_PG_CLOTH_MIX_01","Emperor's Children","Cloth & Robes","Purple + Gold (Mixed Build)","Emperor’s Children Cloth & Robes","Matte","Easy","Standard","Purple+Gold core scheme","references/Emperor's Children/Cloth & Robes","Purple+Gold","Purple","Emperor's Children — Purple+Gold","Emperor's Children"
"EC_PG_DETAILS_MIX_01","Emperor's Children","Details","Purple + Gold (Mixed Build)","Emperor’s Children Parchment & Seals & Bone","Matte","Easy","Standard","Purple+Gold core scheme","references/Emperor's Children/Details","Purple+Gold","Purple","Emperor's Children — Purple+Gold","Emperor's Children"
"EC_PG_LEATHER_MIX_01","Emperor's Children","Leather","Purple + Gold (Mixed Build)","Emperor’s Children Leather","Matte","Easy","Quick","Purple+Gold core scheme","references/Emperor's Children/Leather","Purple+Gold","Purple","Emperor's Children — Purple+Gold","Emperor's Children"
"EC_PG_LENSES_MIX_01","Emperor's Children","Lenses & Gems","Purple + Gold (Mixed Build)","Emperor’s Children Lenses & Gems (Mixed Build)","Gloss accent","Easy","Quick","Purple+Gold core scheme","references/Emperor's Children/Lenses & Gems","Purple+Gold","Purple","Emperor's Children — Purple+Gold","Emperor's Children"
"EC_PG_METALS_MIX_01","Emperor's Children","Metals","Purple + Gold (Mixed Build)","Emperor’s Children Gold Trim","Satin/Metallic","Easy","Standard","Purple+Gold core scheme","references/Emperor's Children/Metals","Purple+Gold","Purple","Emperor's Children — Purple+Gold","Emperor's Children"
"EC_PG_WEAPONS_MIX_01","Emperor's Children","Weapons","Purple + Gold (Mixed Build)","Emperor’s Children Weapons","Matte","Easy","Quick","Purple+Gold core scheme","references/Emperor's Children/Weapons","Purple+Gold","Purple","Emperor's Children — Purple+Gold","Emperor's Children"
"EC_TRIM_MIX_01","Emperor's Children","Trim","Truth Pass v2","Emperor’s Children Trim","Matte","Standard","Standard",,"references/Emperor's Children/Trim",,,,
"EC_WEAPONS_MIX_01","Emperor's Children","Weapons","Box Art Target (Mixed Build)","Emperor’s Children Weapons","Matte","Easy","Quick","Auto-filled from inventory_export.csv; source links to be added in targets.md","references/Emperor's Children/Weapons","Mixed Build","Purple","Emperor's Children","Emperor's Children"
"GK_ARMOUR_MIX_01","Grey Knights","Armour","Box Art Target (Mixed Build)","Grey Knights Armour","Matte/Satin","Standard","Standard","Auto-filled from inventory_export.csv; source links to be added in targets.md","references/Grey Knights/Armour","Mixed Build","Silver","Grey Knights","Grey Knights"
"GK_BASES_MIX_01","Grey Knights","Bases","Box Art Target (Mixed Build)","Grey Knights Bases","Matte","Easy","Standard","Auto-filled from inventory_export.csv; source links to be added in targets.md","references/Grey Knights/Bases","Mixed Build","Silver","Grey Knights","Grey Knights"
"GK_CLOTH_MIX_01","Grey Knights","Cloth & Robes","Box Art Target (Mixed Build)","Grey Knights Cloth & Robes","Matte","Easy","Standard","Auto-filled from inventory_export.csv; source links to be added in targets.md","references/Grey Knights/Cloth & Robes","Mixed Build","Silver","Grey Knights","Grey Knights"
"GK_DETAILS_MIX_01","Grey Knights","Details","Box Art Target (Mixed Build)","Grey Knights Details: Bone & Parchment","Matte","Easy","Standard","Auto-filled from inventory_export.csv; source links to be added in targets.md","references/Grey Knights/Details","Mixed Build","Silver","Grey Knights","Grey Knights"
"GK_FORCE_GLOW_MIX_01","Grey Knights","Force Weapon Glow","Identity Surface (Mixed Build)","Grey Knights Blue Weapon Glow","Satin/Glow","Standard","Standard","Identity surface (required)","references/Grey Knights/Force Weapon Glow","Box Art Target","Blue","Grey Knights — Classic","Grey Knights"
"GK_LEATHER_MIX_01","Grey Knights","Leather","Box Art Target (Mixed Build)","Grey Knights Leather","Matte","Easy","Quick","Auto-filled from inventory_export.csv; source links to be added in targets.md","references/Grey Knights/Leather","Mixed Build","Silver","Grey Knights","Grey Knights"
"GK_LENSES_MIX_01","Grey Knights","Lenses & Gems","Box Art Target (Mixed Build)","Grey Knights Lenses & Gems","Gloss accent","Easy","Quick","Auto-filled from inventory_export.csv; source links to be added in targets.md","references/Grey Knights/Lenses & Gems","Mixed Build","Silver","Grey Knights","Grey Knights"
"GK_METALS_MIX_01","Grey Knights","Metals","Box Art Target (Mixed Build)","Grey Knights Metals ","Satin/Metallic","Easy","Standard","Auto-filled from inventory_export.csv; source links to be added in targets.md","references/Grey Knights/Metals","Mixed Build","Silver","Grey Knights","Grey Knights"
"GK_SEALS_MIX_01","Grey Knights","Purity Seals","Identity Surface (Mixed Build)","Grey Knights Purity Seals","Matte","Easy","Quick","Shared detail for many factions","references/Grey Knights/Purity Seals","Detail","Bone/Red","Grey Knights — Classic","Grey Knights"
"GK_WEAPONS_MIX_01","Grey Knights","Weapons","Box Art Target (Mixed Build)","Grey Knight Weapons","Matte","Easy","Quick","Auto-filled from inventory_export.csv; source links to be added in targets.md","references/Grey Knights/Weapons","Mixed Build","Silver","Grey Knights","Grey Knights"
"GSC_ARMOURPLAT_MIX_01","Genestealer Cults","Armour Plates","Truth Pass v2","Genestealer Cults Armour Plates","Matte","Standard","Standard",,"references/Genestealer Cults/Armour Plates",,,,
"GSC_BASES_MIX_01","Genestealer Cults","Bases","Truth Pass v2","Genestealer Cults Bases","Matte","Standard","Standard",,"references/Genestealer Cults/Bases",,,,
"GSC_DETAILS_MIX_01","Genestealer Cults","Details","Truth Pass v2","Genestealer Cults Details","Matte","Standard","Standard",,"references/Genestealer Cults/Details",,,,
"GSC_GLOWLENSES_MIX_01","Genestealer Cults","Glow & Lenses","Truth Pass v2","Genestealer Cults Glow & Lenses","Matte","Standard","Standard",,"references/Genestealer Cults/Glow & Lenses",,,,
"GSC_LEATHER_MIX_01","Genestealer Cults","Leather","Truth Pass v2","Genestealer Cults Leather","Matte","Standard","Standard",,"references/Genestealer Cults/Leather",,,,
"GSC_METALS_MIX_01","Genestealer Cults","Metals","Truth Pass v2","Genestealer Cults Metals","Matte","Standard","Standard",,"references/Genestealer Cults/Metals",,,,
"GSC_SKIN_MIX_01","Genestealer Cults","Skin","Truth Pass v2","Genestealer Cults Skin","Matte","Standard","Standard",,"references/Genestealer Cults/Skin",,,,
"GSC_WEAPONS_MIX_01","Genestealer Cults","Weapons","Truth Pass v2","Genestealer Cults Weapons","Matte","Standard","Standard",,"references/Genestealer Cults/Weapons",,,,
"GSC_WORKWEARCL_MIX_01","Genestealer Cults","Workwear Cloth","Truth Pass v2","Genestealer Cults Workwear Cloth","Matte","Standard","Standard",,"references/Genestealer Cults/Workwear Cloth",,,,
"IA_ARMOUR_MIX_01","Imperial Agents","Armour","Truth Pass v2","Imperial Agents Armour","Matte","Easy","Standard",,"references/Imperial Agents/Armour",,,,
"IA_BASES_MIX_01","Imperial Agents","Bases","Truth Pass v2","Imperial Agents Bases","Matte","Easy","Standard",,"references/Imperial Agents/Bases",,,,
"IA_CLOTHROBES_MIX_01","Imperial Agents","Cloth & Robes","Truth Pass v2","Imperial Agents Cloth & Robes","Matte","Easy","Standard",,"references/Imperial Agents/Cloth & Robes",,,,
"IA_DETAILS_MIX_01","Imperial Agents","Details","Truth Pass v2","Imperial Agents Details","Matte","Easy","Standard",,"references/Imperial Agents/Details",,,,
"IA_LEATHER_MIX_01","Imperial Agents","Leather","Truth Pass v2","Imperial Agents Leather","Matte","Easy","Standard",,"references/Imperial Agents/Leather",,,,
"IA_LENSESGEMS_MIX_01","Imperial Agents","Lenses & Gems","Truth Pass v2","Imperial Agents Lenses & Gems","Matte","Easy","Standard",,"references/Imperial Agents/Lenses & Gems",,,,
"IA_METALS_MIX_01","Imperial Agents","Metals","Truth Pass v2","Imperial Agents Metals","Matte","Easy","Standard",,"references/Imperial Agents/Metals",,,,
"IA_WEAPONS_MIX_01","Imperial Agents","Weapons","Truth Pass v2","Imperial Agents Weapons","Matte","Easy","Standard",,"references/Imperial Agents/Weapons",,,,
"IG_ARMOURPLAT_MIX_01","Astra Militarum","Armour Plates","Truth Pass v2","Cadian-Style Flak Armour","Matte","Easy","Standard",,"references/Astra Militarum/Armour Plates","Cadian Shock Troops (official/box-art compass)","Green",,
"IG_BASES_MIX_01","Astra Militarum","Bases","Truth Pass v2","Cadian Bases","Matte","Easy","Standard",,"references/Astra Militarum/Bases","Cadian Shock Troops (official/box-art compass)","Neutral",,
"IG_DETAILS_MIX_01","Astra Militarum","Details","Truth Pass v2","Cadian Webbing & Equipment Details","Matte","Easy","Standard",,"references/Astra Militarum/Details","Cadian Shock Troops (official/box-art compass)","Brown",,
"IG_LEATHER_MIX_01","Astra Militarum","Leather","Truth Pass v2","Cadian Leather","Matte","Easy","Standard",,"references/Astra Militarum/Leather","Cadian Shock Troops (official/box-art compass)","Brown",,
"IG_METALS_MIX_01","Astra Militarum","Metals","Truth Pass v2","Cadian Metals ","Matte","Easy","Standard",,"references/Astra Militarum/Metals","Cadian Shock Troops (official/box-art compass)","Metal",,
"IG_SKIN_MIX_01","Astra Militarum","Skin","Truth Pass v2","Cadian Skin","Matte","Easy","Standard",,"references/Astra Militarum/Skin","Cadian Shock Troops (official/box-art compass)","Skin",,
"IG_UNIFORMCLO_MIX_01","Astra Militarum","Uniform Cloth","Truth Pass v2","Cadian Fatigues","Matte","Easy","Standard",,"references/Astra Militarum/Uniform Cloth","Cadian Shock Troops (official/box-art compass)","Khaki",,
"IG_WEAPONS_MIX_01","Astra Militarum","Weapons","Truth Pass v2","Cadian Lasgun Casing","Matte","Easy","Standard",,"references/Astra Militarum/Weapons","Cadian Shock Troops (official/box-art compass)","Black",,
"IK_ARMOURPANE_MIX_01","Imperial Knights","Armour Panels","Truth Pass v2","Imperial Knights Armour","Matte","Easy","Standard",,"references/Imperial Knights/Armour Panels",,,,
"IK_BASES_MIX_01","Imperial Knights","Bases","Truth Pass v2","Imperial Knights Bases","Matte","Easy","Standard",,"references/Imperial Knights/Bases",,,,
"IK_DETAILS_MIX_01","Imperial Knights","Details","Truth Pass v2","Imperial Knights Details","Matte","Easy","Standard",,"references/Imperial Knights/Details",,,,
"IK_LENSESGLOW_MIX_01","Imperial Knights","Lenses & Glow","Truth Pass v2","Imperial Knights Lenses & Glow","Matte","Easy","Standard",,"references/Imperial Knights/Lenses & Glow",,,,
"IK_METALS_MIX_01","Imperial Knights","Metals","Truth Pass v2","Imperial Knights Metals","Matte","Easy","Standard",,"references/Imperial Knights/Metals",,,,
"IK_TRIM_MIX_01","Imperial Knights","Trim","Truth Pass v2","Imperial Knights Trim","Matte","Easy","Standard",,"references/Imperial Knights/Trim",,,,
"IK_WEAPONS_MIX_01","Imperial Knights","Weapons","Truth Pass v2","Imperial Knights Weapons","Matte","Easy","Standard",,"references/Imperial Knights/Weapons",,,,
"KR_BASES_MIX_01","Death Korps of Krieg","Bases","Truth Pass v2","Krieg Bases","Matte","Standard","Standard",,"references/Death Korps of Krieg/Bases",,,,
"KR_BASES_TRENCH_MIX_01","Death Korps of Krieg","Bases","Box Art Target (Mixed Build)","Krieg Trench Base","Matte","Easy","Standard","Krieg core scheme","references/Death Korps of Krieg/Bases",,,,
"KR_DETAILS_MIX_01","Death Korps of Krieg","Details","Box Art Target (Mixed Build)","Krieg Details: Canvas / Straps","Matte","Easy","Standard","Krieg core scheme","references/Death Korps of Krieg/Details",,,,
"KR_GASMASKLEN_MIX_01","Death Korps of Krieg","Gasmask Lenses","Truth Pass v2","Krieg Gasmask Lenses","Matte","Standard","Standard",,"references/Death Korps of Krieg/Gasmask Lenses",,,,
"KR_GREATCOAT_MIX_01","Death Korps of Krieg","Greatcoat","Box Art Target (Mixed Build)","Krieg Blue Greatcoat","Matte","Standard","Standard","Krieg core scheme","references/Death Korps of Krieg/Greatcoat",,,,
"KR_HELMET_ARMOUR_MIX_01","Death Korps of Krieg","Helmet & Armour","Box Art Target (Mixed Build)","Krieg Armour & Helmets","Matte/Satin","Easy","Standard","Krieg core scheme","references/Death Korps of Krieg/Helmet & Armour",,,,
"KR_HELMETARMO_MIX_01","Death Korps of Krieg","Helmet & Armour","Truth Pass v2","Krieg Armour & Helmets","Matte","Standard","Standard",,"references/Death Korps of Krieg/Helmet & Armour",,,,
"KR_LEATHER_MIX_01","Death Korps of Krieg","Leather","Box Art Target (Mixed Build)","Krieg Leather","Matte","Easy","Quick","Krieg core scheme","references/Death Korps of Krieg/Leather",,,,
"KR_LENSES_MIX_01","Death Korps of Krieg","Gasmask Lenses","Box Art Target (Mixed Build)","Krieg Gasmask Lenses","Gloss accent","Easy","Quick","Krieg core scheme","references/Death Korps of Krieg/Gasmask Lenses",,,,
"KR_METALS_MIX_01","Death Korps of Krieg","Metals","Box Art Target (Mixed Build)","Krieg Metals","Satin/Metallic","Easy","Standard","Krieg core scheme","references/Death Korps of Krieg/Metals",,,,
"KR_UNIFORM_MIX_01","Death Korps of Krieg","Uniform Cloth","Box Art Target (Mixed Build)","Krieg Dark Cloth","Matte","Easy","Standard","Krieg core scheme","references/Death Korps of Krieg/Uniform Cloth",,,,
"KR_UNIFORMCLO_MIX_01","Death Korps of Krieg","Uniform Cloth","Truth Pass v2","Krieg Uniform Cloth","Matte","Standard","Standard",,"references/Death Korps of Krieg/Uniform Cloth",,,,
"KR_WOOD_MIX_01","Death Korps of Krieg","Wood","Box Art Target (Mixed Build)","Krieg Wood","Matte","Easy","Quick","Krieg core scheme","references/Death Korps of Krieg/Wood",,,,
"LOV_ARMOUR_MIX_01","Leagues of Votann","Armour","Truth Pass v2","LOV Armour","Matte","Easy","Standard",,"references/Leagues of Votann/Armour",,,,
"LOV_CLOTH_MIX_01","Leagues of Votann","Cloth","Truth Pass v2","LOV Cloth","Matte","Easy","Standard",,"references/Leagues of Votann/Cloth",,,,
"LOV_LEATHER_MIX_01","Leagues of Votann","Leather","Truth Pass v2","LOV Leather","Matte","Easy","Standard",,"references/Leagues of Votann/Leather",,,,
"LOV_METALS_MIX_01","Leagues of Votann","Metals","Truth Pass v2","LOV Metals","Matte","Easy","Standard",,"references/Leagues of Votann/Metals",,,,
"NE_AGED_METALS_MIX_01","Necrons","Aged Metals (Optional)","Variant Surface (Mixed Build)","Necron Aged Metal","Satin/Weathered","Easy","Standard","Optional variant for older/dirty tomb worlds","references/Necrons/Aged Metals (Optional)","Variant","Weathered Silver","Necrons — Classic","Necrons"
"NE_ARMOUR_MIX_01","Necrons","Armour","Box Art Target (Mixed Build)","Necron Armour","Matte/Satin","Standard","Standard","Auto-filled from inventory_export.csv; source links to be added in targets.md","references/Necrons/Armour","Mixed Build","Silver","Necrons","Necrons"
"NE_BASES_MIX_01","Necrons","Bases","Box Art Target (Mixed Build)","Necron Bases","Matte","Easy","Standard","Auto-filled from inventory_export.csv; source links to be added in targets.md","references/Necrons/Bases","Mixed Build","Silver","Necrons","Necrons"
"NE_CLOTH_MIX_01","Necrons","Cloth & Robes","Box Art Target (Mixed Build)","Necron Cloth & Robes","Matte","Easy","Standard","Auto-filled from inventory_export.csv; source links to be added in targets.md","references/Necrons/Cloth & Robes","Mixed Build","Silver","Necrons","Necrons"
"NE_DETAILS_MIX_01","Necrons","Details","Box Art Target (Mixed Build)","Necron Details: Bone & Parchment ","Matte","Easy","Standard","Auto-filled from inventory_export.csv; source links to be added in targets.md","references/Necrons/Details","Mixed Build","Silver","Necrons","Necrons"
"NE_GLOW_MIX_01","Necrons","Energy Glow","Identity Surface (Mixed Build)","Necron Glow","Gloss/Glow","Easy","Quick","Identity surface (required)","references/Necrons/Energy Glow","Box Art Target","Green","Necrons — Classic","Necrons"
"NE_LEATHER_MIX_01","Necrons","Leather","Box Art Target (Mixed Build)","Necron Leather","Matte","Easy","Quick","Auto-filled from inventory_export.csv; source links to be added in targets.md","references/Necrons/Leather","Mixed Build","Silver","Necrons","Necrons"
"NE_LENSES_MIX_01","Necrons","Lenses & Gems","Box Art Target (Mixed Build)","Necron Lenses & Gems","Gloss accent","Easy","Quick","Auto-filled from inventory_export.csv; source links to be added in targets.md","references/Necrons/Lenses & Gems","Mixed Build","Silver","Necrons","Necrons"
"NE_METALS_MIX_01","Necrons","Metals","Box Art Target (Mixed Build)","Necron Metals","Satin/Metallic","Easy","Standard","Auto-filled from inventory_export.csv; source links to be added in targets.md","references/Necrons/Metals","Mixed Build","Silver","Necrons","Necrons"
"NE_WEAPONS_MIX_01","Necrons","Weapons","Box Art Target (Mixed Build)","Necron Weapons","Matte","Easy","Quick","Auto-filled from inventory_export.csv; source links to be added in targets.md","references/Necrons/Weapons","Mixed Build","Silver","Necrons","Necrons"
"ORK_ARMOUR_MIX_01","Orks","Armour","Box Art Target (Mixed Build)","Orks Armour","Matte/Satin","Standard","Standard","Auto-filled from inventory_export.csv; source links to be added in targets.md","references/Orks/Armour","Mixed Build","Green","Orks","Orks"
"ORK_ARMOURCLOT_MIX_01","Orks","Armour & Cloth","Truth Pass v2","Orks Armour & Cloth","Matte","Easy","Standard",,"references/Orks/Armour & Cloth",,,,
"ORK_BASES_MIX_01","Orks","Bases","Box Art Target (Mixed Build)","Orks Bases","Matte","Easy","Standard","Auto-filled from inventory_export.csv; source links to be added in targets.md","references/Orks/Bases","Mixed Build","Green","Orks","Orks"
"ORK_CHECKS_MIX_01","Orks","Checks & Markings","Identity Surface (Mixed Build)","Orks Checks & Markings","Matte","Easy","Quick","Goffs-style identity detail","references/Orks/Checks & Markings","Detail","Black/White","Orks — Classic","Orks"
"ORK_CHECKSMARK_MIX_01","Orks","Checks & Markings","Truth Pass v2","Orks Checks & Markings ","Matte","Easy","Standard",,"references/Orks/Checks & Markings",,,,
"ORK_CLOTH_MIX_01","Orks","Cloth & Robes","Box Art Target (Mixed Build)","Orks Cloth & Robes","Matte","Easy","Standard","Auto-filled from inventory_export.csv; source links to be added in targets.md","references/Orks/Cloth & Robes","Mixed Build","Green","Orks","Orks"
"ORK_DETAILS_MIX_01","Orks","Details","Box Art Target (Mixed Build)","Orks Details ","Matte","Easy","Standard","Auto-filled from inventory_export.csv; source links to be added in targets.md","references/Orks/Details","Mixed Build","Green","Orks","Orks"
"ORK_LEATHER_MIX_01","Orks","Leather","Box Art Target (Mixed Build)","Orks Leather","Matte","Easy","Quick","Auto-filled from inventory_export.csv; source links to be added in targets.md","references/Orks/Leather","Mixed Build","Green","Orks","Orks"
"ORK_LENSES_MIX_01","Orks","Lenses & Gems","Box Art Target (Mixed Build)","Orks Lenses & Gems","Gloss accent","Easy","Quick","Auto-filled from inventory_export.csv; source links to be added in targets.md","references/Orks/Lenses & Gems","Mixed Build","Green","Orks","Orks"
"ORK_METALS_MIX_01","Orks","Metals","Box Art Target (Mixed Build)","Orks Metals","Satin/Metallic","Easy","Standard","Auto-filled from inventory_export.csv; source links to be added in targets.md","references/Orks/Metals","Mixed Build","Green","Orks","Orks"
"ORK_RUST_METALS_MIX_01","Orks","Rust & Grime Metals","Identity Surface (Mixed Build)","Orks Rust & Grime Metals","Satin/Grimy","Easy","Standard","Ramshackle identity surface","references/Orks/Rust & Grime Metals","Box Art Target","Rust","Orks — Classic","Orks"
"ORK_SKIN_MIX_01","Orks","Skin","Box Art Target (Mixed Build)","Ork Skin","Matte","Easy","Standard","Target ref: Waaagh Flesh > Biel-Tan > Warboss > Skarsnik (see targets.md)","references/Orks/Skin",,,,
"ORK_WEAPONS_MIX_01","Orks","Weapons","Box Art Target (Mixed Build)","Orks Weapons","Matte","Easy","Quick","Auto-filled from inventory_export.csv; source links to be added in targets.md","references/Orks/Weapons","Mixed Build","Green","Orks","Orks"
"SM_ARMOUR_MIX_01","Space Marines","Armour","Truth Pass v2","Space Marine Blue Armour","Matte","Easy","Standard",,"references/Space Marines/Armour",,,,
"SM_BASES_MIX_01","Space Marines","Bases","Truth Pass v2","Space Marine Bases","Matte","Easy","Standard",,"references/Space Marines/Bases",,,,
"SM_CLOTHROBES_MIX_01","Space Marines","Cloth & Robes","Truth Pass v2","Space Marine Cloth & Robes","Matte","Easy","Standard",,"references/Space Marines/Cloth & Robes",,,,
"SM_DETAILS_MIX_01","Space Marines","Details","Truth Pass v2","Space Marine Details","Matte","Easy","Standard",,"references/Space Marines/Details",,,,
"SM_DW_ARMOUR_MIX_01","Deathwatch","Armour","Truth Pass v2","Deathwatch Armour ","Matte","Standard","Standard",,"references/Deathwatch/Armour",,,,
"SM_DW_BASES_MIX_01","Deathwatch","Bases","Truth Pass v2","Deathwatch Bases","Matte","Standard","Standard",,"references/Deathwatch/Bases",,,,
"SM_DW_CLOTHROBES_MIX_01","Deathwatch","Cloth & Robes","Truth Pass v2","Deathwatch Cloth & Robes","Matte","Standard","Standard",,"references/Deathwatch/Cloth & Robes",,,,
"SM_DW_DETAILS_MIX_01","Deathwatch","Details","Truth Pass v2","Deathwatch Details","Matte","Standard","Standard",,"references/Deathwatch/Details",,,,
"SM_DW_LEATHER_MIX_01","Deathwatch","Leather","Truth Pass v2","Deathwatch Leather","Matte","Standard","Standard",,"references/Deathwatch/Leather",,,,
"SM_DW_LENSESGEMS_MIX_01","Deathwatch","Lenses & Gems","Truth Pass v2","Deathwatch Lenses & Glow","Matte","Standard","Standard",,"references/Deathwatch/Lenses & Gems",,,,
"SM_DW_METALS_MIX_01","Deathwatch","Metals","Truth Pass v2","Deathwatch Metals","Matte","Standard","Standard",,"references/Deathwatch/Metals",,,,
"SM_DW_WEAPONS_MIX_01","Deathwatch","Weapons","Truth Pass v2","Deathwatch Weapons","Matte","Standard","Standard",,"references/Deathwatch/Weapons",,,,
"SM_IF_ARMOUR_MIX_01","Imperial Fists","Armour","Truth Pass v2","Imperial Fists Armour","Matte","Easy","Standard",,"references/Imperial Fists/Armour",,,,
"SM_IF_BASES_MIX_01","Imperial Fists","Bases","Truth Pass v2","Imperial Fists Bases","Matte","Easy","Standard",,"references/Imperial Fists/Bases",,,,
"SM_IF_CLOTHROBES_MIX_01","Imperial Fists","Cloth & Robes","Truth Pass v2","Imperial Fists Cloth & Robes","Matte","Easy","Standard",,"references/Imperial Fists/Cloth & Robes",,,,
"SM_IF_DETAILS_MIX_01","Imperial Fists","Details","Truth Pass v2","Imperial Fists Details","Matte","Easy","Standard",,"references/Imperial Fists/Details",,,,
"SM_IF_LEATHER_MIX_01","Imperial Fists","Leather","Truth Pass v2","Imperia Fists Leather","Matte","Easy","Standard",,"references/Imperial Fists/Leather",,,,
"SM_IF_LENSESGEMS_MIX_01","Imperial Fists","Lenses & Gems","Truth Pass v2","Imperial Fists Lenses & Gems","Matte","Easy","Standard",,"references/Imperial Fists/Lenses & Gems",,,,
"SM_IF_METALS_MIX_01","Imperial Fists","Metals","Truth Pass v2","Imperial Fists Metals","Matte","Easy","Standard",,"references/Imperial Fists/Metals",,,,
"SM_IF_WEAPONS_MIX_01","Imperial Fists","Weapons","Truth Pass v2","Imperial Fists Weapons","Matte","Easy","Standard",,"references/Imperial Fists/Weapons",,,,
"SM_IH_ARMOUR_MIX_01","Iron Hands","Armour","Truth Pass v2","Iron Hands Armour","Matte","Easy","Standard",,"references/Iron Hands/Armour",,,,
"SM_IH_BASES_MIX_01","Iron Hands","Bases","Truth Pass v2","Iron Hands Bases","Matte","Easy","Standard",,"references/Iron Hands/Bases",,,,
"SM_IH_CLOTHROBES_MIX_01","Iron Hands","Cloth & Robes","Truth Pass v2","Iron Hands Cloth & Robes","Matte","Easy","Standard",,"references/Iron Hands/Cloth & Robes",,,,
"SM_IH_DETAILS_MIX_01","Iron Hands","Details","Truth Pass v2","Iron Hands Details","Matte","Easy","Standard",,"references/Iron Hands/Details",,,,
"SM_IH_LEATHER_MIX_01","Iron Hands","Leather","Truth Pass v2","Iron Hands Leather","Matte","Easy","Standard",,"references/Iron Hands/Leather",,,,
"SM_IH_LENSESGEMS_MIX_01","Iron Hands","Lenses & Gems","Truth Pass v2","Iron Hands Lenses & Gems","Matte","Easy","Standard",,"references/Iron Hands/Lenses & Gems",,,,
"SM_IH_METALS_MIX_01","Iron Hands","Metals","Truth Pass v2","Iron Hands Metals","Matte","Easy","Standard",,"references/Iron Hands/Metals",,,,
"SM_IH_WEAPONS_MIX_01","Iron Hands","Weapons","Truth Pass v2","Iron Hands Weapons","Matte","Easy","Standard",,"references/Iron Hands/Weapons",,,,
"SM_LEATHER_MIX_01","Space Marines","Leather","Truth Pass v2","Space Marines Leather","Matte","Easy","Standard",,"references/Space Marines/Leather",,,,
"SM_LENSESGEMS_MIX_01","Space Marines","Lenses & Gems","Truth Pass v2","Space Marines Lenses & Gems","Matte","Easy","Standard",,"references/Space Marines/Lenses & Gems",,,,
"SM_METALS_MIX_01","Space Marines","Metals","Truth Pass v2","Space Marines Metals ","Matte","Easy","Standard",,"references/Space Marines/Metals",,,,
"SM_RG_ARMOUR_MIX_01","Raven Guard","Armour","Truth Pass v2","Raven Guard Armour","Matte","Easy","Standard",,"references/Raven Guard/Armour",,,,
"SM_RG_BASES_MIX_01","Raven Guard","Bases","Truth Pass v2","Raven Guard Bases","Matte","Easy","Standard",,"references/Raven Guard/Bases",,,,
"SM_RG_CLOTHROBES_MIX_01","Raven Guard","Cloth & Robes","Truth Pass v2","Raven Guard Cloth & Robes ","Matte","Easy","Standard",,"references/Raven Guard/Cloth & Robes",,,,
"SM_RG_DETAILS_MIX_01","Raven Guard","Details","Truth Pass v2","Raven Guard Details","Matte","Easy","Standard",,"references/Raven Guard/Details",,,,
"SM_RG_LEATHER_MIX_01","Raven Guard","Leather","Truth Pass v2","Raven Guard Leather","Matte","Easy","Standard",,"references/Raven Guard/Leather",,,,
"SM_RG_LENSESGEMS_MIX_01","Raven Guard","Lenses & Gems","Truth Pass v2","Rraven Guard Lenses & Gems","Matte","Easy","Standard",,"references/Raven Guard/Lenses & Gems",,,,
"SM_RG_METALS_MIX_01","Raven Guard","Metals","Truth Pass v2","Raven Guard Metals ","Matte","Easy","Standard",,"references/Raven Guard/Metals",,,,
"SM_RG_WEAPONS_MIX_01","Raven Guard","Weapons","Truth Pass v2","Raven Guard Weapons","Matte","Easy","Standard",,"references/Raven Guard/Weapons",,,,
"SM_SAL_ARMOUR_MIX_01","Salamanders","Armour","Truth Pass v2","Salamanders Armour","Matte","Easy","Standard",,"references/Salamanders/Armour",,,,
"SM_SAL_BASES_MIX_01","Salamanders","Bases","Truth Pass v2","Salamanders Bases ","Matte","Easy","Standard",,"references/Salamanders/Bases",,,,
"SM_SAL_CLOTHROBES_MIX_01","Salamanders","Cloth & Robes","Truth Pass v2","Salamanders Cloth & Robes","Matte","Easy","Standard",,"references/Salamanders/Cloth & Robes",,,,
"SM_SAL_DETAILS_MIX_01","Salamanders","Details","Truth Pass v2","Salamanders Details","Matte","Easy","Standard",,"references/Salamanders/Details",,,,
"SM_SAL_LEATHER_MIX_01","Salamanders","Leather","Truth Pass v2","Salamanders Leather","Matte","Easy","Standard",,"references/Salamanders/Leather",,,,
"SM_SAL_LENSESGEMS_MIX_01","Salamanders","Lenses & Gems","Truth Pass v2","Salamanders Lenses & Gems","Matte","Easy","Standard",,"references/Salamanders/Lenses & Gems",,,,
"SM_SAL_METALS_MIX_01","Salamanders","Metals","Truth Pass v2","Salamanders Metals","Matte","Easy","Standard",,"references/Salamanders/Metals",,,,
"SM_SAL_WEAPONS_MIX_01","Salamanders","Weapons","Truth Pass v2","Salamanders Weapons","Matte","Easy","Standard",,"references/Salamanders/Weapons",,,,
"SM_UM_ARMOUR_MIX_01","Ultramarines","Armour","Truth Pass v2","Ultramarines Armour ","Matte","Easy","Standard",,"references/Ultramarines/Armour",,,,
"SM_UM_BASES_MIX_01","Ultramarines","Bases","Truth Pass v2","Ultramarines Bases","Matte","Easy","Standard",,"references/Ultramarines/Bases",,,,
"SM_UM_CLOTHROBES_MIX_01","Ultramarines","Cloth & Robes","Truth Pass v2","Ultramarines Cloth & Robes ","Matte","Easy","Standard",,"references/Ultramarines/Cloth & Robes",,,,
"SM_UM_DETAILS_MIX_01","Ultramarines","Details","Truth Pass v2","Ultramarines Details","Matte","Easy","Standard",,"references/Ultramarines/Details",,,,
"SM_UM_LEATHER_MIX_01","Ultramarines","Leather","Truth Pass v2","Ultramarines Leather","Matte","Easy","Standard",,"references/Ultramarines/Leather",,,,
"SM_UM_LENSESGEMS_MIX_01","Ultramarines","Lenses & Gems","Truth Pass v2","Ultramarines Lenses & Gems","Matte","Easy","Standard",,"references/Ultramarines/Lenses & Gems",,,,
"SM_UM_METALS_MIX_01","Ultramarines","Metals","Truth Pass v2","Ultramarines Metals ","Matte","Easy","Standard",,"references/Ultramarines/Metals",,,,
"SM_UM_WEAPONS_MIX_01","Ultramarines","Weapons","Truth Pass v2","Ultramarines Weapons","Matte","Easy","Standard",,"references/Ultramarines/Weapons",,,,
"SM_WEAPONS_MIX_01","Space Marines","Weapons","Truth Pass v2","Space Marines Weapons","Matte","Easy","Standard",,"references/Space Marines/Weapons",,,,
"SM_WS_ARMOUR_MIX_01","White Scars","Armour","Truth Pass v2","White Scars Armour","Matte","Easy","Standard",,"references/White Scars/Armour",,,,
"SM_WS_BASES_MIX_01","White Scars","Bases","Truth Pass v2","White Scars Bases","Matte","Easy","Standard",,"references/White Scars/Bases",,,,
"SM_WS_CLOTHROBES_MIX_01","White Scars","Cloth & Robes","Truth Pass v2","White Scars Cloth & Robes","Matte","Easy","Standard",,"references/White Scars/Cloth & Robes",,,,
"SM_WS_DETAILS_MIX_01","White Scars","Details","Truth Pass v2","White Scars Details","Matte","Easy","Standard",,"references/White Scars/Details",,,,
"SM_WS_LEATHER_MIX_01","White Scars","Leather","Truth Pass v2","White Scars Leather","Matte","Easy","Standard",,"references/White Scars/Leather",,,,
"SM_WS_LENSESGEMS_MIX_01","White Scars","Lenses & Gems","Truth Pass v2","White Scars Lenses & Gems","Matte","Easy","Standard",,"references/White Scars/Lenses & Gems",,,,
"SM_WS_METALS_MIX_01","White Scars","Metals","Truth Pass v2","White Scars Metals","Matte","Easy","Standard",,"references/White Scars/Metals",,,,
"SM_WS_WEAPONS_MIX_01","White Scars","Weapons","Truth Pass v2","White Scars Weapons","Matte","Easy","Standard",,"references/White Scars/Weapons",,,,
"SW_ARMOUR_BOX_01","Space Wolves","Armour","Box Art Target","Space Wolves Armour","Matte","Standard","Standard",,"references/Space Wolves/Armour","Box Art Target","Blue-Grey","Space Wolves","Space Wolves"
"SW_ARMOUR_MIX_01","Space Wolves","Armour","Box Art Target (Mixed Build)","Space Wolves Armour (Mixed Build)","Matte","Standard","Standard","Uses your rack: AK/Vallejo/Pro Acryl/TTC","references/Space Wolves/Armour","Mixed Build","Blue-Grey","Space Wolves","Space Wolves"
"SW_BASES_SNOW_01","Space Wolves","Bases","Box Art Target","Space Wolves Snow Bases","Matte","Easy","Standard",,"references/Space Wolves/Bases","Mixed Build","Blue-Grey","Space Wolves","Space Wolves"
"SW_BASES_SNOW_MIX_01","Space Wolves","Bases","Box Art Target (Mixed Build)","Space Wolves Ice Bases","Matte","Easy","Standard","Uses your rack: Vallejo/AK + generic snow paste","references/Space Wolves/Bases","Mixed Build","Blue-Grey","Space Wolves","Space Wolves"
"SW_DETAILS_BOX_01","Space Wolves","Details","Box Art Target","Space Wolves Details: Parchment / Seals / Bone","Matte","Easy","Standard",,"references/Space Wolves/Details","Box Art Target","Blue-Grey","Space Wolves","Space Wolves"
"SW_DETAILS_MIX_01","Space Wolves","Details","Box Art Target (Mixed Build)","Space Wolves Details: Parchment / Seals / Bone (Mixed Build)","Matte","Easy","Standard","Uses your rack: Vallejo/TTC","references/Space Wolves/Details","Mixed Build","Blue-Grey","Space Wolves","Space Wolves"
"SW_LEATHER_BOX_01","Space Wolves","Leather","Box Art Target","Space Wolves Leather","Matte","Easy","Quick",,"references/Space Wolves/Leather","Box Art Target","Blue-Grey","Space Wolves","Space Wolves"
"SW_LEATHER_MIX_01","Space Wolves","Leather","Box Art Target (Mixed Build)","Space Wolves Leather (Mixed Build)","Matte","Easy","Quick","Uses your rack: TTC/Vallejo/Pro Acryl","references/Space Wolves/Leather","Mixed Build","Blue-Grey","Space Wolves","Space Wolves"
"SW_LENSES_BOX_01","Space Wolves","Lenses & Gems","Box Art Target","Space Wolves Lenses & Gems","Gloss accent","Easy","Quick",,"references/Space Wolves/Lenses & Gems","Box Art Target","Blue-Grey","Space Wolves","Space Wolves"
"SW_LENSES_MIX_01","Space Wolves","Lenses & Gems","Box Art Target (Mixed Build)","Space Marines Lenses & Gems (Mixed Build)","Gloss accent","Easy","Quick","Uses your rack: TTC/Pro Acryl","references/Space Wolves/Lenses & Gems","Mixed Build","Blue-Grey","Space Wolves","Space Wolves"
"SW_METALS_BOX_01","Space Wolves","Metals","Box Art Target","Space Wolves Metals","Satin/Metallic","Easy","Standard",,"references/Space Wolves/Metals","Box Art Target","Blue-Grey","Space Wolves","Space Wolves"
"SW_METALS_MIX_01","Space Wolves","Metals","Box Art Target (Mixed Build)","Space Wolves Metals (Mixed Build)","Satin/Metallic","Easy","Standard","Uses your rack: TTC/Vallejo/AK","references/Space Wolves/Metals","Mixed Build","Blue-Grey","Space Wolves","Space Wolves"
"SW_PELTS_BOX_01","Space Wolves","Cloth & Pelts","Box Art Target","Space Wolves Cloth & Pelts","Matte","Standard","Standard",,"references/Space Wolves/Cloth & Pelts","Box Art Target","Blue-Grey","Space Wolves","Space Wolves"
"SW_PELTS_MIX_01","Space Wolves","Cloth & Pelts","Box Art Target (Mixed Build)","Space Wolves Cloth & Pelts (Mixed Build)","Matte","Standard","Standard","Uses your rack: Pro Acryl/TTC","references/Space Wolves/Cloth & Pelts","Mixed Build","Blue-Grey","Space Wolves","Space Wolves"
"SW_WEAPONS_BOX_01","Space Wolves","Weapons","Box Art Target","Space Wolves Weapons","Matte","Easy","Quick",,"references/Space Wolves/Weapons","Box Art Target","Blue-Grey","Space Wolves","Space Wolves"
"SW_WEAPONS_MIX_01","Space Wolves","Weapons","Box Art Target (Mixed Build)","Space Wolves Weapons (Mixed Build)","Matte","Easy","Quick","Uses your rack: Pro Acryl/AK/Vallejo","references/Space Wolves/Weapons","Mixed Build","Blue-Grey","Space Wolves","Space Wolves"
"TAU_ARMOURPANE_MIX_01","T'au Empire","Armour Panels","Truth Pass v2","T’au Armour","Matte","Easy","Standard",,"references/T'au Empire/Armour Panels",,,,
"TAU_BASES_MIX_01","T'au Empire","Bases","Truth Pass v2","T’au Bases","Matte","Easy","Standard",,"references/T'au Empire/Bases",,,,
"TAU_CLOTH_MIX_01","T'au Empire","Cloth","Truth Pass v2","T'au Cloth","Matte","Easy","Standard",,"references/T'au Empire/Cloth",,,,
"TAU_DRONESDETA_MIX_01","T'au Empire","Drones & Details","Truth Pass v2","T'au Drones & Details","Matte","Easy","Standard",,"references/T'au Empire/Drones & Details",,,,
"TAU_LENSESGLOW_MIX_01","T'au Empire","Lenses & Glow","Truth Pass v2","T'au Lenses & Glow","Matte","Easy","Standard",,"references/T'au Empire/Lenses & Glow",,,,
"TAU_METALS_MIX_01","T'au Empire","Metals","Truth Pass v2","T'au Sept-style: Metals","Matte","Easy","Standard",,"references/T'au Empire/Metals",,,,
"TAU_SEPTMARKIN_MIX_01","T'au Empire","Sept Markings","Truth Pass v2","T'au Sept-style: Sept Markings","Matte","Easy","Standard",,"references/T'au Empire/Sept Markings",,,,
"TAU_WEAPONS_MIX_01","T'au Empire","Weapons","Truth Pass v2","T'au Sept-style: Weapons","Matte","Easy","Standard",,"references/T'au Empire/Weapons",,,,
"TS_ARMOUR_MIX_01","Thousand Sons","Armour","Truth Pass v2","Thousand Sons Armour","Matte","Easy","Standard",,"references/Thousand Sons/Armour",,,,
"TS_BASES_MIX_01","Thousand Sons","Bases","Truth Pass v2","Thousand Sons Bases","Matte","Easy","Standard",,"references/Thousand Sons/Bases",,,,
"TS_CLOTHROBES_MIX_01","Thousand Sons","Cloth & Robes","Truth Pass v2","Thousand Sons Cloth & Robes","Matte","Easy","Standard",,"references/Thousand Sons/Cloth & Robes",,,,
"TS_DETAILS_MIX_01","Thousand Sons","Details","Truth Pass v2","Thousand Sons Details","Matte","Easy","Standard",,"references/Thousand Sons/Details",,,,
"TS_GEMS_MIX_01","Thousand Sons","Gems","Truth Pass v2","Thousand Sons Gems","Matte","Easy","Standard",,"references/Thousand Sons/Gems",,,,
"TS_METALS_MIX_01","Thousand Sons","Metals","Truth Pass v2","Thousand Sons Metals","Matte","Easy","Standard",,"references/Thousand Sons/Metals",,,,
"TS_TRIM_MIX_01","Thousand Sons","Trim","Truth Pass v2","Thousand Sons Trim","Matte","Easy","Standard",,"references/Thousand Sons/Trim",,,,
"TS_WEAPONS_MIX_01","Thousand Sons","Weapons","Truth Pass v2","Thousand Sons Weapons","Matte","Easy","Standard",,"references/Thousand Sons/Weapons",,,,
"TYR_BASES_MIX_01","Tyranids","Bases","Truth Pass v2","Tyranids Bases","Matte","Easy","Standard",,"references/Tyranids/Bases",,,,
"TYR_CARAPACE_MIX_01","Tyranids","Carapace","Truth Pass v2","Tyranids Carapace","Matte","Easy","Standard",,"references/Tyranids/Carapace",,,,
"TYR_CLAWSTEETH_MIX_01","Tyranids","Claws & Teeth","Truth Pass v2","Tyranids Claws & Teeth","Matte","Easy","Standard",,"references/Tyranids/Claws & Teeth",,,,
"TYR_SKIN_MIX_01","Tyranids","Skin","Truth Pass v2","Tyranids Skin","Matte","Easy","Standard",,"references/Tyranids/Skin",,,,
"TYR_SLIMEGLOSS_MIX_01","Tyranids","Slime & Gloss","Truth Pass v2","Tyranids Slime & Gloss","Matte","Easy","Standard",,"references/Tyranids/Slime & Gloss",,,,
"TYR_TONGUEDETA_MIX_01","Tyranids","Tongue & Details","Truth Pass v2","Tyranids Tongue & Details","Matte","Easy","Standard",,"references/Tyranids/Tongue & Details",,,,
"LOV_BASES_MIX_01","Leagues of Votann","Bases","Truth Pass v2","LOV Bases","Matte","Easy","Standard",,"references/Leagues of Votann/Bases",,,,
"LOV_WEAPONS_MIX_01","Leagues of Votann","Weapons","Truth Pass v2","Greater Thurian League Weapons","Matte","Easy","Standard",,"references/Leagues of Votann/Weapons",,,,
"LOV_DETAILS_MIX_01","Leagues of Votann","Details","Truth Pass v2","Greater Thurian League Details","Matte","Easy","Standard",,"references/Leagues of Votann/Details",,,,
"LOV_LENSESGLOW_MIX_01","Leagues of Votann","Lenses & Glow","Truth Pass v2","Greater Thurian League Lenses & Glow","Matte","Easy","Standard",,"references/Leagues of Votann/Lenses & Glow",,,,
"CD_WEAPONS_MIX_01","Chaos Daemons","Weapons","Truth Pass v2","Chaos Daemons Weapons","Matte","Easy","Standard",,"references/Chaos Daemons/Weapons",,,,
"CD_LENSESGLOW_MIX_01","Chaos Daemons","Lenses & Glow","Truth Pass v2","Chaos Daemons Lenses & Glow","Matte","Easy","Standard",,"references/Chaos Daemons/Lenses & Glow",,,,
"TYR_WEAPONS_MIX_01","Tyranids","Weapons","Truth Pass v2","Tyranids Weapons","Matte","Easy","Standard",,"references/Tyranids/Weapons",,,,
"TYR_DETAILS_MIX_01","Tyranids","Details","Truth Pass v2","Tyranids Details","Matte","Easy","Standard",,"references/Tyranids/Details",,,,
"TYR_LENSESGLOW_MIX_01","Tyranids","Lenses & Glow","Truth Pass v2","Tyranids Lenses & Glow","Matte","Easy","Standard",,"references/Tyranids/Lenses & Glow",,,,
"AEL_LENSESGLOW_MIX_01","Harlequins","Lenses & Glow","Truth Pass v2","Harlequins Lenses & Glow","Matte","Standard","Standard",,"references/Harlequins/Lenses & Glow",,,,
"TAU_DETAILS_MIX_01","T'au Empire","Details","Truth Pass v2","T'au Sept-style: Details","Matte","Easy","Standard",,"references/T'au Empire/Details",,,,
"CK_LENSESGLOW_MIX_01","Chaos Knights","Lenses & Glow","Truth Pass v2","Chaos Knights Lenses & Glow","Matte","Easy","Standard",,"references/Chaos Knights/Lenses & Glow",,,,
"AS_LENSESGLOW_MIX_01","Adepta Sororitas","Lenses & Glow","Truth Pass v2","Adepta Sororitas Lenses & Glow","Gloss","Standard","Standard","Truth Pass v2: replace placeholders with scheme-aligned, inventory-locked paints. Generic allowed as fallback only.","references/Adepta Sororitas/Lenses & Glow","Order of Our Martyred Lady","Green",,
"AC_LENSESGLOW_MIX_01","Adeptus Custodes","Lenses & Glow","Truth Pass v2","Adeptus Custodes Lenses & Glow","Gloss","Standard","Standard","Truth Pass v2: scheme-aligned, inventory-locked paints. Generic fallback only.","references/Adeptus Custodes/Lenses & Glow","Classic Gold (official/box-art compass)","Glow",,
"AEL_LENSESGLOW_MIX_02","Ynnari","Lenses & Glow","Truth Pass v2","Ynnari Lenses & Glow","Matte","Easy","Standard",,"references/Ynnari/Lenses & Glow",,,,
"AEL_LENSESGLOW_MIX_03","Aeldari","Lenses & Glow","Truth Pass v2","Ulthwé Aeldari Lenses & Glow","Matte","Standard","Standard","Truth Pass v2: scheme-aligned, inventory-locked paints. Generic fallback only.","references/Aeldari/Lenses & Glow","Ulthwé baseline (black armour + bone accents)",,,
"IG_LENSESGLOW_MIX_01","Astra Militarum","Lenses & Glow","Truth Pass v2","AdMech Red Lenses & Glow","Matte","Easy","Standard",,"references/Astra Militarum/Lenses & Glow","Cadian Shock Troops (official/box-art compass)","Red",,
"AEL_LENSESGLOW_MIX_04","Asuryani","Lenses & Glow","Truth Pass v2","Asuryani Craftworld Lenses & Glow","Gloss","Easy","Standard","Truth Pass v2: inventory-locked paints; replace placeholders; keep steps practical.","references/Asuryani/Lenses & Glow","Asuryani: craftworld classic (wraithbone armour + teal gems)","Teal",,
"SM_LENSESGLOW_MIX_01","Deathwatch","Lenses & Glow","Truth Pass v2","Deathwatch Lenses & Glow","Matte","Standard","Standard",,"references/Deathwatch/Lenses & Glow",,,,
"DRU_LENSESGLOW_MIX_01","Drukhari","Lenses & Glow","Truth Pass v2","Drukhari Lenses & Glow","Matte","Standard","Standard",,"references/Drukhari/Lenses & Glow",,,,
"IA_LENSESGLOW_MIX_01","Imperial Agents","Lenses & Glow","Truth Pass v2","Imperial Agents Lenses & Glow ","Matte","Easy","Standard",,"references/Imperial Agents/Lenses & Glow",,,,
"SM_LENSESGLOW_MIX_02","Imperial Fists","Lenses & Glow","Truth Pass v2","Imperial Fists Lenses & Glow","Matte","Easy","Standard",,"references/Imperial Fists/Lenses & Glow",,,,
"SM_LENSESGLOW_MIX_03","Iron Hands","Lenses & Glow","Truth Pass v2","Iron Hands Lenses & Glow ","Matte","Easy","Standard",,"references/Iron Hands/Lenses & Glow",,,,
"SM_LENSESGLOW_MIX_04","Raven Guard","Lenses & Glow","Truth Pass v2","Raven Guard Lenses & Glow ","Matte","Easy","Standard",,"references/Raven Guard/Lenses & Glow",,,,
"SM_LENSESGLOW_MIX_05","Salamanders","Lenses & Glow","Truth Pass v2","Salamanders Lenses & Glow","Matte","Easy","Standard",,"references/Salamanders/Lenses & Glow",,,,
"SM_LENSESGLOW_MIX_06","Space Marines","Lenses & Glow","Truth Pass v2","Space Marine Lenses & Glow","Matte","Easy","Standard",,"references/Space Marines/Lenses & Glow",,,,
"TS_LENSESGLOW_MIX_01","Thousand Sons","Lenses & Glow","Truth Pass v2","Thousand Sons Lenses & Glow","Matte","Easy","Standard",,"references/Thousand Sons/Lenses & Glow",,,,
"SM_LENSESGLOW_MIX_07","Ultramarines","Lenses & Glow","Truth Pass v2","Ultramarines Lenses & Glow","Matte","Easy","Standard",,"references/Ultramarines/Lenses & Glow",,,,
"SM_LENSESGLOW_MIX_08","White Scars","Lenses & Glow","Truth Pass v2","White Scars Lenses & Glow","Matte","Easy","Standard",,"references/White Scars/Lenses & Glow",,,,
"BT_LENSESGLOW_MIX_01","Black Templars","Lenses & Glow","Truth Pass v2","Black Templars Lenses & Glow","Matte","Easy","Standard",,"references/Black Templars/Lenses & Glow",,,,
"GSC_LENSESGLOW_MIX_01","Genestealer Cults","Lenses & Glow","Truth Pass v2","Genestealer Cults Lenses & Glow","Matte","Standard","Standard",,"references/Genestealer Cults/Lenses & Glow",,,,
"GK_LENSESGLOW_MIX_01","Grey Knights","Lenses & Glow","Truth Pass v2","Grey Knights Lenses & Glow","Matte","Standard","Standard",,"references/Grey Knights/Lenses & Glow",,,,
"NE_LENSESGLOW_MIX_01","Necrons","Lenses & Glow","Truth Pass v2","Necrons Lenses & Glow","Matte","Easy","Standard",,"references/Necrons/Lenses & Glow",,,,
"DA_LENSESGLOW_MIX_01","Dark Angels","Lenses & Glow","Truth Pass v2","Dark Angels Lenses & Glow","Matte","Easy","Standard",,"references/Dark Angels/Lenses & Glow",,,,
"ORK_LENSESGLOW_MIX_01","Orks","Lenses & Glow","Truth Pass v2","Orks Lenses & Glow","Matte","Easy","Standard",,"references/Orks/Lenses & Glow",,,,
"EC_LENSESGLOW_MIX_01","Emperor's Children","Lenses & Glow","Truth Pass v2","Emperor’s Children Lenses & Glow","Matte","Standard","Standard",,"references/Emperor's Children/Lenses & Glow",,,,
"KR_WEAPONS_MIX_01","Death Korps of Krieg","Weapons","Truth Pass v2","Krieg Weapons","Matte","Standard","Standard",,"references/Death Korps of Krieg/Weapons",,,,
"KR_LENSESGLOW_MIX_01","Death Korps of Krieg","Lenses & Glow","Truth Pass v2","Krieg Lenses & Glow","Matte","Standard","Standard",,"references/Death Korps of Krieg/Lenses & Glow",,,,
"AEB_LENSESGLOW_MIX_01","Aeldari - Blue","Lenses & Glow","Truth Pass v2","Aeldari Lenses & Glow","Gloss","Easy","Standard","Truth Pass v2: inventory-locked paints. Gloss finish recommended for lenses.","references/Aeldari - Blue/Lenses & Glow","Aeldari - Blue variant: blue/teal lenses & glow (Truth Pass v2)","Blue/Teal",,
"AEP_LENSESGLOW_MIX_01","Aeldari - Purple","Lenses & Glow","Truth Pass v2","Aeldari Lenses & Glow ","Gloss","Easy","Standard","Truth Pass v2: inventory-locked paints. Gloss finish recommended for lenses.","references/Aeldari - Purple/Lenses & Glow","Aeldari - Purple variant: purple/magenta lenses & glow (Truth Pass v2)","Purple/Magenta",,
"SW_LENSESGLOW_MIX_01","Space Wolves","Lenses & Glow","Truth Pass v2","Space Wolves Lenses & Glow","Matte","Easy","Standard",,"references/Space Wolves/Lenses & Glow",,,,
"BA_LENSESGLOW_MIX_01","Blood Angels","Lenses & Glow","Truth Pass v2","Blood Angels Lenses & Glow","Matte","Easy","Standard",,"references/Blood Angels/Lenses & Glow",,,,
